Workbook
Name NamedRange1: 'Bảng giá chi tiết'!$1:$881

Sheet ĐỘC QUYỀN MTS ( SOUTHERN )
A1: HOME PLUS - BẢNG HÀNG ĐỘC QUYỀN DỰ ÁN TRINITY SQUARE - TÒA SOUTHER SQUARE
A2: QUỸ ĐỘC QUYỀN SƠ CẤP S1 (C3L1)
A3: STT | B3: MÃ CĂN | C3: Loại căn | D3: Diện tích thông thủy (m2) | E3: Hướng | F3: CSBH | G3: Ngày KÝ XNDK | H3: Tổng giá chưa VAT & KPBT | I3: Giá tiến độ | J3: Giá TTS | K3: Giá Vay | L3: THƯỞNG SALE | M3: Tình trạng | N3: LINK PTG+ CHỈ CĂN
A4: 1 | B4: C3L1-13-05 | C4: STUDIO | D4: 29, 5 | F4: 45733 | H4: 1,875,428,575
A5: 2 | B5: C3L1-14-19 | C5: STUDIO | D5: 31, 8 | F5: 45733 | H5: 2,107,194,787
A6: 14 | B6: C3L1-04-18A | C6: 2 BR+ | D6: 63 | E6: ĐB | F6: 45733 | G6: 45737 | H6: 3,679,377,723 | I6: 3, 753 | J6: 3, 468 | K6: 3, 997 | N6: https://drive, google, com/drive/folders/1ourAKBlEocXFvtkPLUuyiXakQq7nlGNy
A7: 13 | B7: C3L1-24-15A | C7: 1 BR + 1MR | D7: 58, 1 | E7: TÂY BẮC | F7: 45733 | G7: 45737 | H7: 3,455,608,064 | I7: 3, 526 | J7: 3, 259 | K7: 3, 755 | N7: https://drive, google, com/drive/folders/1tPvxu7FmlyBm7kKhn4B66aHFbnZ1jrWY
A8: 14 | B8: C3L1-10-05A | C8: 2 BR+ | D8: 67, 9 | E8: TB - TN | F8: 45733 | G8: 45737 | H8: 4,112,434,795 | I8: 4, 198 | J8: 3, 879 | K8: 4, 470 | L8: 25TR | N8: https://drive, google, com/drive/folders/1S3p9hl7IPBEWZuH_roevm8U1f7f2NQ8U
A9: 6 | B9: C3L1-05-06 | C9: 1 BR+ | D9: 45, 6 | E9: TÂY BẮC | F9: 45733 | G9: 45737 | H9: 2,672,215,997 | I9: 2, 725 | J9: 2, 519 | K9: 2, 903 | L9: 15TR | N9: https://drive, google, com/drive/folders/1LDrUQVatAG0JaewTQPWT7oeYZzTUtVnX
A10: 1 | B10: C3L1-07-10 | C10: 1 BR | D10: 40 | E10: TÂY BẮC | F10: 45733 | G10: 45742 | H10: 2,453,503,800 | I10: 2, 505 | J10: 2, 315 | K10: 2, 667 | L10: 15TR | N10: https://drive, google, com/drive/folders/1QJ-922fBxDBLSQzQzrFShWFBLJnAD8kG
A11: 2 | B11: C3L1-22-10 | C11: 1 BR | D11: 40 | E11: TÂY BẮC | F11: 45733 | G11: 45737 | H11: 2,481,134,040 | I11: 2, 534 | J11: 2, 342 | K11: 2, 698 | L11: 15TR | N11: https://drive, google, com/drive/folders/1Ym8164pjlcW6ZcaLqOv_zEBqgOSnNcYl
A12: 3 | B12: C3L1-05-22 | C12: 1 BR+ | D12: 47, 3 | E12: ĐÔNG NAM | F12: 45733 | G12: 45737 | H12: 2,878,974,003 | I12: 2, 938 | J12: 2, 716 | K12: 3, 130 | L12: 15TR | M12: đã bán | N12: https://drive, google, com/drive/folders/1JgutseMbOEM-oR0XAUCCmeBxIQK6My4O
A13: 1 | B13: C3L1-08-09 | C13: 1 BR | D13: 40 | E13: TÂY BẮC | F13: 45733 | G13: 45737 | H13: 2, 476, 529, 000 | I13: 2, 529 | J13: 2, 337 | K13: 2, 693 | L13: 15TR | N13: https://drive, google, com/drive/folders/1DnrZEAppl-pMwtOnoaoL-3yPCom_BSea
A14: 0 | B14: C3L1-19-06 | C14: 1 BR+ | D14: 45, 6 | E14: TÂY BẮC | F14: 45733 | G14: 45737 | H14: 2, 897, 955, 012 | L14: 15TR | M14: NHẢ | N14: https://drive, google, com/drive/folders/1Eu0-6kChq3cK4oG3ZXRW0GSlo6Zsy5eX
A15: 0 | B15: C3L1-05-11 | C15: 1 BR + 1MR | D15: 60, 8 | E15: TÂY BẮC | F15: 45733 | G15: 45737 | H15: 3, 426, 412, 640 | L15: 25TR | M15: NHẢ | N15: https://drive, google, com/drive/folders/1j7wmKRuaIXRxwnBtFVxSvXffxV8ovYNv
A16: 0 | B16: C3L1-03-03 | C16: 3 BR | D16: 112, 6 | E16: ĐN -TN | F16: 45733 | G16: 45737 | H16: 6, 231, 579, 800 | L16: 40TR | M16: NHẢ | N16: https://drive, google, com/drive/folders/13otFzdQ1JqNkIKCY6uWedpQHaKjVoPwo
A17: 0 | B17: C3L1-20-20 | C17: 1 BR + 1MR | D17: 61, 4 | E17: ĐÔNG NAM | F17: 45733 | G17: 45745 | H17: 3, 919, 975, 796 | I17: 4, 005 | J17: 3, 702 | K17: 4, 265 | L17: 25TR | M17: ĐÃ BÁN | N17: https://drive, google, com/drive/folders/1ddA0r3Rc2xiORHjWiBGm4OfLaM7YVU-K
A18: 0 | B18: C3L1-13-09 | C18: 1 BR | D18: 40 | E18: TÂY BẮC | F18: 45733 | G18: 45737 | H18: 2, 492, 646, 640 | I18: 2, 546 | J18: 2, 353 | K18: 2, 711 | L18: 15TR | N18: https://drive, google, com/drive/folders/18lrWe3rL_piGyFS4GyRLtxHN-B2YB3Ol
A19: 0 | B19: C3L1-07-03 | C19: 3 BR | D19: 112, 7 | E19: ĐN -TN | F19: 45733 | G19: 45737 | H19: 6, 431, 639, 447 | I19: 6, 558 | J19: 6, 060 | K19: 6, 984 | L19: 40TR | M19: Đã bán | N19: https://drive, google, com/drive/folders/12Zyd654HJAPfpK1tMsBP-0auom8UtuAl
A20: 0 | B20: C3L1-14-15A | C20: 1 BR + 1MR | D20: 58, 1 | E20: TÂY BẮC | F20: 45733 | G20: 45737 | H20: 3, 599, 417, 707 | L20: 25TR | M20: Đã bán
A21: 1 | B21: C3L1-24-08 | C21: 1 BR + 1MR | D21: 58, 8 | E21: TÂY BẮC | F21: 45778 | G21: 45789 | H21: 3, 543, 768, 161 | I21: 3, 674 | J21: 3, 397 | K21: 3, 891 | L21: 25TR | M21: CHECK AD | N21: https://drive, google, com/drive/folders/1PQRObacVx5E8famlJsEoyTAMXWa1sEzh
A22: 1 | B22: C3L1-13-05A | C22: 2 BR+ | D22: 67, 9 | E22: TB - TN | H22: 4, 085, 075, 101 | I22: 4, 245 | J22: 3, 916 | K22: 4, 486 | L22: 25TR | M22: CHECK AD | N22: https://drive, google, com/drive/folders/1cZLLR5mSNRJaqV7EMPMBrEKEzOem4fXF
A23: 1 | B23: C3L1-04-03 | C23: 3 BR | D23: 112, 6 | E23: ĐN-TN | F23: 45778 | G23: 45804 | H23: 6, 296, 395, 738 | I23: 6, 518 | J23: 6, 026 | K23: 6, 905 | L23: 40TR | N23: https://drive, google, com/drive/folders/1zjcw8VWa9DdPofsH2lAfZM1YfSfG5iH3
A24: QUỸ ĐỘC QUYỀN SƠ CẤP S2 (C3L2)
A25: STT | B25: MÃ CĂN | C25: Loại căn | D25: Diện tích thông thủy (m2) | E25: Hướng | F25: CSBH | G25: Ngày KÝ XNDK | H25: Tổng giá chưa VAT & KPBT | I25: Giá tiến độ | J25: Giá TTS | K25: Giá Vay | L25: THƯỞNG SALE | M25: Tình trạng | N25: LINK PTG+ CHỈ CĂN
A26: 20 | B26: C3L2-26-09 | C26: 1 BR | D26: 40 | F26: 45733 | G26: 45737 | H26: 2,414,460,680 | I26: 2, 464 | J26: 2, 277 | K26: 2, 624 | N26: https://drive, google, com/drive/folders/10MX-C9wFgCNQmmyY-yCYWFGMkae8jU77
A27: 21 | B27: C3L2-04-12A | C27: 1 BR | D27: 40 | F27: 45733 | G27: 45737 | H27: 2,324,304,320 | I27: 2, 371 | J27: 2, 191 | K27: 2, 525 | N27: https://drive, google, com/drive/folders/17sqNnEeF_u9WuWjjh07PHJ5hq3m3VSGq
A28: 24 | B28: C3L2-25-06 | C28: 1 BR+ | D28: 45, 7 | F28: 45733 | G28: 45737 | H28: 2,707,966,799 | I28: 2, 763 | J28: 2, 553 | K28: 2, 943 | M28: ĐANG KHÓA | N28: https://drive, google, com/drive/folders/1p3rmdwKj9a9wbzUH6XiaVlFxiNCtrm7e
A29: 17 | B29: C3L2-14-18 | C29: STUDIO | D29: 29, 5 | E29: TÂY NAM | F29: 45733 | H29: 1,916,605,590 | I29: 1, 958 | J29: 1, 810 | K29: 2, 086 | M29: check AD | N29: https://drive, google, com/drive/folders/1dUO_OC2Ee_fMfonuq88-xPOOHGQrX0fK?usp=drive_link
A30: 28 | B30: C3L2-05-20 | C30: 3 BR | D30: 112, 6 | E30: TB - ĐB | F30: 45733 | G30: 45737 | H30: 6,376,458,054 | I30: 6, 500 | J30: 6, 006 | K30: 6, 923 | L30: 40TR | M30: ĐÃ BÁN | N30: https://drive, google, com/drive/folders/1a5v8ea6wBWfu9ZeyuoQDmjARK2tDDdvF
A31: 15 | B31: C3L2-23-15A | C31: 1 BR | D31: 40 | E31: TÂY NAM | F31: 45733 | G31: 45737 | H31: 2,491,093,560 | I31: 2, 544 | J31: 2, 351 | K31: 2, 709 | L31: 15TR | N31: https://drive, google, com/drive/folders/1cY9eGJQ5jFHPty-74c6bGTbzl5nsnm0e
B32: C3L2-18-09 | C32: 1 BR + 1MR | D32: 58, 1 | E32: ĐÔNG NAM | F32: 45733 | G32: 45737 | H32: 3,627,120,310 | I32: 3, 704 | J32: 3, 424 | K32: 3, 945 | L32: 25TR | M32: ĐÃ BÁN | N32: https://drive, google, com/drive/folders/1_6xlJfwq9x_pGtIb4stX0kV3xd5oqzWD
B33: C3L2-20-15A | C33: 1 BR | D33: 40 | E33: TÂY NAM | F33: 45733 | G33: 45737 | H33: 2,556,456,880 | I33: 2, 612 | J33: 2, 414 | K33: 2, 781 | L33: 15TR | M33: ĐÃ BÁN | N33: https://drive, google, com/drive/folders/1qnKvYRbaYMEIr4-Eqrax2VZT5NUf-TJD
B34: C3L2-24-01 | C34: 1 BR+ | D34: 47, 4 | E34: TÂY BẮC | F34: 45733 | G34: 45737 | H34: 2,897,741,362 | I34: 2, 958 | J34: 2, 734 | K34: 3, 150 | L34: 15TR | M34: ĐÃ BÁN | N34: https://drive, google, com/drive/folders/1JUbsbnfb5IO6MXA5OdVfk5H33n-dumRA
A35: 0 | B35: C3L2-10-09 | C35: 1 BR + 1MR | D35: 58, 1 | E35: ĐÔNG NAM | F35: 45733 | G35: 45737 | H35: 3,525,632,450 | I35: 3, 599 | J35: 3, 326 | K35: 3, 833 | L35: 25TR | M35: ĐÃ BÁN | N35: https://drive, google, com/drive/folders/1fyrX-7NOi2z-TAPFiOd2wKnAjyhtctnk
A36: 1 | B36: C3L2-17-01 | C36: 1 BR+ | D36: 47, 4 | E36: TÂY BẮC | F36: 45733 | G36: 45737 | H36: 3,031,285,458 | I36: 3, 097 | J36: 2, 862 | K36: 3, 298 | L36: 15TR | N36: https://drive, google, com/drive/folders/1G9SbK52gl94WTccA8zphPZJMy6Lo6Yfr
A37: 0 | B37: C3L2-13-09 | C37: 1 BR + 1MR | D37: 58, 1 | E37: ĐÔNG NAM | F37: 45733 | G37: 45737 | H37: 3,505,989,654 | I37: 3, 578 | J37: 3, 307 | K37: 3, 811 | L37: 25TR | M37: ĐÃ NHẢ | N37: https://drive, google, com/drive/folders/13sj4VIZhhP6Dv6ubk2k0SEvpKXK3SxPu
A38: 0 | B38: C3L2-19-19 | C38: 2 BR+ | D38: 67, 9 | E38: TB - TN | F38: 45733 | G38: 45737 | H38: 4,303,409,452 | I38: 4, 396 | J38: 4, 063 | K38: 4, 681 | L38: 25TR | M38: ĐÃ NHẢ | N38: https://drive, google, com/drive/folders/16aSko0atSDJpzySp6eaQae8kelR577Nd
A39: 0 | B39: C3L2-05-22 | C39: 1 BR + 1MR | D39: 61 | E39: ĐÔNG BẮC | F39: 45778 | G39: 45789 | H39: 3, 553, 686, 638 | I39: 3, 682 | J39: 3, 404 | K39: 3, 900 | L39: 25TR | M39: Đã bán | N39: https://drive, google, com/drive/folders/1BuZpDXJLwDFjB1axsWOLd4U68HVrIBDr
A40: 0 | B40: C3L2-22-20 | C40: 3 BR | D40: 112, 6 | E40: TB - ĐB | F40: 45733 | G40: 45745 | H40: 6, 807, 501, 723 | I40: 6, 948 | J40: 6, 421 | K40: 7, 399 | L40: 40TR | M40: Đã bán | N40: https://drive, google, com/drive/folders/1wbXJ-7keklf82dlJAwgHDfrBBYqXEBsI
A41: 4 | B41: C3L2-08-02 | C41: 1 BR + 1MR | D41: 60, 9 | E41: TÂY BẮC | F41: 45778 | G41: 45789 | H41: 3, 760, 735, 593 | I41: 3, 900 | J41: 3, 606 | K41: 4, 131 | L41: 25TR | M41: Đã bán | N41: https://drive, google, com/drive/folders/1ZkQ9gVciZsOtATfgS9GhsZm7F6fG6Asc
A42: 2 | B42: C3L2-07-02 | C42: 1 BR + 1MR | D42: 60, 9 | E42: TÂY BẮC | F42: 45778 | G42: 45838 | H42: 3, 709, 261, 939 | I42: 3, 846 | J42: 3, 556 | K42: 4, 073 | L42: 25TR | M42: ĐÃ BÁN | N42: https://drive, google, com/drive/folders/1EiLMRZjW1zwvLxeZom70qC9Vk4oadvo1
A43: 3 | B43: C3L2-24-19 | C43: 2 BR+ | D43: 67, 9 | E43: TB - TN | F43: 45778 | G43: 45789 | H43: 4, 131, 239, 021 | I43: 4, 283 | J43: 3, 960 | K43: 4, 537 | L43: 25TR | M43: ĐÃ BÁN | N43: https://drive, google, com/drive/folders/1vwKzZvzW4a2nl3wjKLfzrv3X3y_4D56s
A44: QUỸ ĐỘC QUYỀN SƠ CẤP S3 (C3Z1)
A45: STT | B45: MÃ CĂN | C45: Loại căn | D45: Diện tích thông thủy (m2) | E45: Hướng | F45: CSBH | G45: Ngày KÝ XNDK | H45: Tổng giá chưa VAT & KPBT | I45: Giá tiến độ | J45: Giá TTS | K45: Giá Vay | L45: THƯỞNG SALE | M45: Tình trạng | N45: LINK PTG+ CHỈ CĂN
A46: 32 | B46: C3Z1-18-19 | C46: STUDIO | D46: 29.6 | F46: 45733 | H46: 1,995,351,718
A47: 33 | B47: C3Z1-05-08 | C47: 1 BR+ | D47: 45.4 | F47: 45733 | G47: 45737 | H47: 2,765,917,684 | I47: 2, 823 | J47: 2, 609 | K47: 3, 007 | N47: https://drive, google, com/drive/folders/1Eof2Kg69Uey6DcFWNrF3SPPVJUpmMc4l
A48: 37 | B48: C3Z1-08-05 | C48: 3 BR | D48: 103.3 | F48: 45733 | G48: 45737 | H48: 5,951,827,939 | I48: 6, 069 | J48: 5, 609 | K48: 6, 464 | N48: https://drive, google, com/drive/folders/1cSeYWbEqr7VZPJ7eAtwNGozglKRu7QWl
A49: 28 | B49: C3Z1-08-12A | C49: 3 BR | D49: 89.5 | E49: ĐB - ĐN | F49: 45733 | G49: 45737 | H49: 5,249,996,431 | I49: 5, 356 | J49: 4, 949 | K49: 5, 704 | M49: ĐÃ BÁN | N49: https://drive, google, com/drive/folders/1rHOg-HHnK-27Xdkdzj7LAUYpkI7ujEIK
A50: 34 | B50: C3Z1-24-11 | C50: 2 BR | D50: 63.2 | E50: ĐÔNG BẮC | F50: 45733 | G50: 45737 | H50: 3,974,472,241 | I50: 4, 059 | J50: 3, 752 | K50: 4, 323 | L50: 25TR | M50: ĐÃ BÁN | N50: https://drive, google, com/drive/folders/1JZaCbFhsESUh8-DoMZe4kkOVpGC90HTY
A51: 8 | B51: C3Z1-07-20 | C51: 2 BR | D51: 59.1 | E51: TB - TN | F51: 45733 | G51: 45745 | H51: 3, 634, 335, 706 | I51: 3, 711 | J51: 3, 429 | K51: 3, 952 | L51: 25TR | M51: CHECK AD | N51: https://drive, google, com/drive/folders/1K9TYSpj7MIg8xT0B0_ZS1aTNGXG6yy2w
A52: 9 | B52: C3Z1-14-20 | C52: 2 BR | D52: 59.1 | E52: TB - TN | F52: 45778 | G52: 45789 | H52: 3, 776, 896, 726 | I52: 3, 919 | J52: 3, 624 | K52: 4, 151 | L52: 25TR | M52: CHECK AD | N52: https://drive, google, com/drive/folders/19nhnLWb52i2hD50pynhAt73PhjnAdnGX
A53: 7 | B53: C3Z1-27-08A | C53: 3 BR | D53: 93.7 | E53: ĐN - TN | F53: 45778 | G53: 45789 | H53: 5, 381, 087, 462 | I53: 5, 574 | J53: 5, 153 | K53: 5, 904 | L53: 40TR | M53: Đã bán | N53: https://drive, google, com/drive/folders/1BDYCjEMV-S80H1MANQxE7D8rW-SHlShm
A54: 5 | B54: C3Z1-27-09 | C54: 1 BR+ | D54: 45.7 | E54: TN | F54: 45778 | G54: 45789 | H54: 2,679,020,282 | I54: 2, 776 | J54: 2, 566 | K54: 2, 940 | L54: 15TR | M54: ĐÃ BÁN | N54: https://drive, google, com/drive/folders/1SKvG7KeNQePSyFy5i9NZGi2q70-MrMpC
A55: 2 | B55: C3Z1-25-01 | C55: 2 BR+ | D55: 62, 6 | E55: TN | F55: 45839 | H55: 3812194580 | I55: 3, 974 | J55: 3, 697 | K55: 4, 187 | L55: 25TR | N55: https://drive, google, com/drive/folders/1DyJ3elXNDCiIy5cWYRe2XA5QTFulCiWj
A56: QUỸ ĐỘC QUYỀN TRINITY SQUARE HÀNG THỨ CẤP S1 (C3L1)
A57: STT | B57: MÃ CĂN | C57: Loại căn | D57: Diện tích thông thủy (m2) | E57: Hướng | F57: CSBH | G57: Ngày KÝ XNDK | H57: Tổng giá bán ( chưa KPBT) | I57: KPBT | J57: Giá TTS | K57: Giá Vay | L57: THƯỞNG SALE | M57: Tình trạng | N57: LINK PTG+ CHỈ CĂN | O57: LINK PTG+ CHỈ CĂN | P57: Link PTG
B58: C3L1-16-18A | C58: 2 BR+ | D58: 63 | E58: TB | F58: 45757 | H58: 4,475,590,214 | I58: 53,550,000 | J58: 3, 908 | K58: 4, 484 | L58: 25TR | M58: ĐÃ BÁN
A59: 7 | B59: C3L1-16-22 | C59: 1 BR+ | D59: 47, 4 | E59: ĐN | F59: 45757 | H59: 3,375,628,450 | I59: 40,290,000 | J59: 2, 948 | K59: 3, 382 | L59: 15TR | M59: ĐÃ BÁN | N59: https://drive, google, com/drive/folders/1z_oDT7xAQ-VQByDktDASdH-QOvNb1lK7
A60: 1 | B60: C3L1-16-10 | C60: 1 BR | D60: 40 | E60: TB | F60: 45757 | G60: 45769 | H60: 2,806,144,500 | I60: 34,000,000 | J60: 2, 451 | K60: 2, 812 | L60: 15TR | M60: ĐÃ BÁN | N60: https://drive, google, com/drive/folders/1-ujgXdyjxVojkqYizPX-W9wsw9G5BgQ_
A61: 1 | B61: C3L1-16-03 | C61: 3 BR | D61: 112, 7 | E61: TN-ĐN | F61: 45757 | G61: 45769 | H61: 7,605,448,468 | I61: 95,795,000 | J61: 6, 646 | K61: 7, 625 | L61: 40TR | M61: Đã BÁN | N61: https://drive, google, com/drive/folders/1b_7MA_qmc79R9GaWYHkTJdOyTsgrRNkl
A62: QUỸ ĐỘC QUYỀN TRINITY SQUARE HÀNG THỨ CẤP S3 (C3Z1)
A63: STT | B63: MÃ CĂN | C63: Loại căn | D63: Diện tích thông thủy (m2) | E63: Hướng | F63: CSBH | G63: Ngày KÝ XNDK | H63: Tổng giá bán ( chưa KPBT) | I63: KPBT | J63: Giá TTS | K63: Giá Vay | L63: THƯỞNG SALE | M63: Tình trạng | N63: LINK PTG+ CHỈ CĂN | O63: LINK PTG+ CHỈ CĂN | P63: Link PTG
B64: C3Z1-06-09 | C64: 1 BR | D64: 41, 6 | F64: 45757 | H64: 2,804,995,856 | I64: 35,360,000 | L64: 15TR | M64: Đã bán
B65: C3Z1-06-08 | C65: 1 BR+ | D65: 45, 5 | E65: ĐB | F65: 45757 | H65: 3,004,166,134 | I65: 38,675,000 | J65: 2, 626 | K65: 3, 013 | L65: 15TR | M65: Đã bán | N65: https://drive, google, com/drive/folders/1lrysaEklXHxxoNTWw3y8BgCK3hKYgJp6
B66: C3Z1-06-10 | C66: 2 BR+ | D66: 64, 8 | E66: ĐB-ĐN | F66: 45757 | H66: 4,177,585,537 | I66: 55,080,000 | J66: 3, 653 | K66: 4, 191 | L66: 25TR | M66: Đã bán | N66: https://drive, google, com/drive/folders/14L4BKyx-uJ-Togwzc4k0fn0HoropO9G7
B67: C3Z1-06-12A | C67: 3 BR | D67: 89, 5 | E67: ĐB-ĐN | F67: 45757 | H67: 5,663,449,012 | I67: 76,075,000 | J67: 4, 954 | K67: 5, 683 | L67: 40TR | M67: Đã bán | N67: https://drive, google, com/drive/folders/1ETMaaqql_E6EUZMoEuovr1XmaLBP2T-C
B68: C3Z1-06-08A | C68: 1 BR+ | D68: 45, 5 | E68: ĐB | F68: 45757 | H68: 2,983,553,591 | I68: 38,675,000 | J68: 2, 608 | K68: 2, 992 | L68: 15TR | M68: ĐÃ BÁN | N68: https://drive, google, com/drive/folders/11hDA0uHjRVftyu3pYG_hebMm4dvzp07m
A69: 4 | B69: C3Z1-06-12 | C69: 1 BR+ | D69: 45, 5 | E69: ĐB | F69: 45757 | H69: 2,995,332,209 | I69: 38,675,000 | J69: 2, 619 | K69: 3, 004 | L69: 15TR | M69: ĐÃ BÁN | N69: https://drive, google, com/drive/folders/1OnrL-h1Cwp6eDk9hvto7a-ExBnVT5Q7v
A70: 0 | B70: C3Z1-06-02 | C70: 1 BR | D70: 41 | E70: TN | F70: 45757 | G70: 45769 | H70: 2,765,293,843 | I70: 34,850,000 | J70: 2, 417 | K70: 2, 772 | L70: 15TR | M70: Đã bán | N70: https://drive, google, com/drive/folders/1VVUZ1wOwsQZWVbHZQznP9HBQIZxyLK7c
A71: 0 | B71: C3Z1-06-18A | C71: 1 BR+ | D71: 45, 5 | E71: TN | F71: 45757 | G71: 45769 | H71: 2,974,719,617 | I71: 38,675,000 | J71: 2, 601 | K71: 2, 984 | L71: 15TR | M71: Đã BÁN | N71: https://drive, google, com/drive/folders/1U2y5IAeDWzhuSISICBF40snBJHkkb3iO
A72: 5 | B72: C3Z1-06-01 | C72: 2 BR | D72: 62, 6 | E72: TN | F72: 45757 | G72: 45769 | H72: 4,119,444,789 | I72: 53,210,000 | J72: 3, 601 | K72: 4, 131 | L72: 25TR | M72: CHECK AD | N72: https://drive, google, com/drive/folders/1QufRb2t2Ab4YYYAirnQ-vr9nv9gSuiE2
A73: 7 | B73: C3Z1-06-20 | C73: 2 BR | D73: 59, 1 | E73: TN-TB | F73: 45757 | G73: 45769 | H73: 3,950,884,543 | I73: 50,235,000 | J73: 3, 453 | K73: 3, 962 | L73: 25TR | M73: CHECK AD | N73: https://drive, google, com/drive/folders/1SZyzXN10DaOKHOf9CWmj3_Fh0TdPI3gt
A74: 8 | B74: C3Z1-06-05A | C74: 2 BR+ | D74: 64, 4 | E74: TN-TB | F74: 45757 | G74: 45769 | H74: 4,173,121,449 | I74: 54,740,000 | J74: 3, 649 | K74: 4, 186 | L74: 25TR | M74: CHECK AD | N74: https://drive, google, com/drive/folders/1rAmC3C04zhydLVvkR4Q71glUFizvVVKx
A75: 0 | B75: C3Z1-06-03 | C75: 1 BR+ | D75: 45, 5 | E75: TN | F75: 45757 | G75: 45769 | H75: 2,989,442,875 | I75: 38,675,000 | J75: 2, 613 | K75: 2, 998 | L75: 15TR | M75: Đã bán | N75: https://drive, google, com/drive/folders/1sbyz5-OWDAJnd-sjcK7njdl90GNEprcn
A76: 0 | B76: C3Z1-06-16 | C76: 1 BR | D76: 40, 8 | E76: TN | F76: 45757 | H76: 2,796,947,961 | I76: 34,680,000 | J76: 2, 444 | K76: 2, 804 | L76: 15TR | M76: Đã bán | N76: https://drive, google, com/drive/folders/1UHJEbU65yZQhatleN4JbZU4kKRbEXgjp
A77: 8 | B77: C3Z1-06-15A | C77: 2 BR | D77: 61 | E77: TN-ĐN | F77: 45757 | G77: 45818 | H77: 4,075,378,042 | I77: 51,850,000 | J77: 3, 562 | K77: 4, 086 | L77: 25TR | M77: ĐÃ BÁN | N77: https://drive, google, com/drive/folders/1lNzfSmKpWzGk3onxC2VeCjIjYFPEFhTP
A78: 4 | B78: C3Z1-06-18 | C78: 1 BR+ | D78: 45, 5 | E78: TN | F78: 45757 | G78: 45818 | H78: 3,004,166,134 | I78: 38,675,000 | J78: 2, 626 | K78: 3, 012 | L78: 15TR | M78: Đã bán | N78: https://drive, google, com/drive/folders/11X2ozXtWaZsV9q5x_9XFlNeYhKu3BIyY
A79: 5 | B79: C3Z1-06-11 | C79: 2 BR | D79: 63, 2 | E79: ĐB | F79: 45757 | G79: 45803 | H79: 4,096,823,845 | I79: 53,720,000 | J79: 3, 582 | K79: 4, 110 | L79: 25TR | M79: Đã bán | N79: https://drive, google, com/drive/folders/1dWlphCmGp8A_Mid7iEAX0VI1w2X7yKJq
A80: 3 | B80: C3Z1-06-05 | C80: 3 BR | D80: 103, 3 | E80: ĐB-TB | F80: 45757 | G80: 45818 | H80: 6,418,264,349 | I80: 87,805,000 | J80: 5, 616 | K80: 6, 442 | L80: 40TR | M80: ĐÃ BÁN | N80: https://drive, google, com/drive/folders/1G0uAgl2RK82e5_fp4mhKlr4Q6SyU402t

Sheet ĐỘC QUYỀN MTS ( CENTRAL - SOUTH
A1: HOME PLUS - BẢNG HÀNG ĐỘC QUYỀN DỰ ÁN TRINITY SQUARE - TÒA CENTRAL SQUARE
A2: QUỸ ĐỘC QUYỀN SƠ CẤP C1 TẦNG 17, 7
A3: STT | B3: MÃ CĂN | C3: Loại căn | D3: Diện tích thông thủy (m2) | E3: Hướng | F3: CSBH | G3: Ngày KÝ XNDK | H3: Tổng giá chưa VAT & KPBT | I3: TỔNG GIÁ FULL | J3: Giá tiến độ | K3: Giá TTS | L3: Giá Vay | M3: Đơn giá (PA TTS) | N3: THƯỞNG SALE | O3: Tình trạng | P3: LINK PTG+ CHỈ CĂN
A4: 0 | B4: C2Z1-17-05 | C4: 2 BR+ | D4: 65, 2 | F4: 45768 | H4: 4,234,214,358 | O4: ĐÃ BÁN
A5: 0 | B5: C2Z1-17-03 | C5: 1 BR | D5: 38, 6 | E5: ĐB | F5: 45768 | H5: 2,591,802,829 | J5: 2649 | K5: 2449 | L5: 2821 | O5: ĐÃ BÁN
B6: C2Z1-17-08A | C6: STUDIO | D6: 29, 4 | F6: 45768 | H6: 1,964,194,096 | I6: 2,166,516,628 | N6: 10TR
B7: C2Z1-17-11 | C7: STUDIO | D7: 30 | F7: 45768 | H7: 2,012,278,200 | I7: 2,219,689,584 | N7: 10TR
B8: C2Z1-17-15 | C8: STUDIO | D8: 30, 7 | F8: 45768 | H8: 2,055,015,296 | I8: 2,266,760,352 | N8: 10TR
A9: 0 | B9: C2Z1-17-02 | C9: 1 BR + 1 MR | D9: 61.6 | E9: ĐB | F9: 45768 | G9: 45782 | H9: 3,954,888,661 | I9: 4,359,534,660 | J9: 4040 | K9: 3734 | L9: 4302 | M9: =LEFT(K9/D9,2)&"tr/m2" -> 60tr/m2 | N9: 25tr | O9: ĐÃ BÁN | P9: https://drive, google, com/drive/folders/1LRnBpyMstD9OQKC3EhDZNjPxFuLaL7mx
A10: 0 | B10: C2Z1-17-05A | C10: 1 BR+ | D10: 45.5 | E10: ĐB | F10: 45768 | G10: 45782 | H10: 2,968,294,602 | I10: 3,272,829,254 | J10: 3033 | K10: 2803 | L10: 3230 | M10: =LEFT(K10/D10,2)&"tr/m2" -> 61tr/m2 | N10: 15tr | O10: ĐÃ BÁN | P10: https://drive, google, com/drive/folders/1zS0dBsznpyqWkePsBoWQYhcdEOuJm4Ed
A11: 0 | B11: C2Z1-17-18 | C11: 1 BR+ | D11: 46.8 | E11: ĐB | F11: 45768 | G11: 45782 | H11: 3,057,113,686 | I11: 3,370,830,609 | J11: 3124 | K11: 2887 | L11: 3326 | M11: =LEFT(K11/D11,2)&"tr/m2" -> 61tr/m2 | N11: 15tr | O11: Đã bán | P11: https://drive, google, com/drive/folders/11FCXeSYbCT8CB3VbWk_0COvuVyZQcQgx
A12: 1 | B12: C2Z1-17-19 | C12: 1 BR + 1 MR | D12: 60.3 | E12: ĐB | H12: 3,872,930,792 | I12: 4,269,217,867 | J12: 3956 | K12: 3656 | L12: 4213 | M12: =LEFT(K12/D12,2)&"tr/m2" -> 60tr/m2 | N12: 25tr | O12: CHECK AD | P12: https://drive, google, com/drive/folders/1t0LxNViE5gorDeLfd4hi_ZBK4j7Cv9oo
A13: 0 | B13: C2Z1-17-08 | C13: 1 BR+ | D13: 45.6 | E13: TN | F13: 45768 | G13: 45834 | H13: 2,945,938,022 | I13: 3,247,676,344 | J13: 3009 | K13: 2781 | L13: 3205 | M13: =LEFT(K13/D13,2)&"tr/m2" -> 60tr/m2 | N13: 15tr | O13: ĐÃ BÁN | P13: https://drive, google, com/drive/folders/1kwMZnyEnL8j_hJutD9r-lKo9J1k_iPtB
A14: 5 | B14: C2Z1-17-09 | C14: 1 BR + 1 MR | D14: 59.5 | E14: TN | H14: 3,764,467,480 | I14: 4,148,647,278 | N14: 25tr | O14: check ad | P14: https://drive, google, com/drive/folders/175dOLg1CYPOYpCnuctV6pyYkxg31HNbY
A15: 7 | B15: C2Z1-17-16 | C15: 2 BR+ | D15: 65.5 | E15: TN-TB | H15: 4,212,035,075 | I15: 4,643,110,585 | N15: 25tr | O15: check ad | P15: https://drive, google, com/drive/folders/1fOCH76AHE1WwWHB3QpuCtvHqd05wsVm0
A16: 8 | B16: C2Z1-17-10 | C16: 1 BR + 1 MR | D16: 59.8 | E16: TN | H16: 3,920,312,427 | I16: 4,322,852,999 | N16: 25tr | O16: check ad | P16: https://drive, google, com/drive/folders/1l-ohTmKtdvmD8_WDt_JOeKn5p8Jqejlf
A17: 10 | B17: C2Z1-17-18A | C17: 2 BR + 1 MR | D17: 100.1 | E17: TB-ĐB | H17: 6,302,925,028 | I17: 6,945,622,492 | N17: 25tr | O17: check ad | P17: https://drive, google, com/drive/folders/1SCRuLwR2HZGNQ8Sf0gZ_A51bCA-AWNRb
A18: 3 | B18: C2Z1-17-12A | C18: 1 BR+ | D18: 45.7 | E18: TN | F18: 45768 | G18: 45782 | H18: 2,910,346,644 | I18: 3,207,700,461 | J18: 2972 | K18: 2747 | L18: 3165 | M18: =LEFT(K18/D18,2)&"tr/m2" -> 60tr/m2 | N18: 15tr | O18: ĐÃ BÁN | P18: https://drive, google, com/drive/folders/1RTz0Nm2YxvbIvhGwrk1u6KZe1jOIVi17
A19: 4 | B19: C2Z1-17-15A | C19: 1 BR | D19: 40.8 | E19: TN | F19: 45768 | G19: 45782 | H19: 2,715,745,716 | I19: 2,995,310,882 | J19: 2776 | K19: 2565 | L19: 2956 | M19: =LEFT(K19/D19,2)&"tr/m2" -> 62tr/m2 | N19: 15tr | O19: ĐÃ BÁN | P19: https://drive, google, com/drive/folders/1Fht5b474d2ypJepMkNjlnRy284TWIgy5
A20: 3 | B20: C2Z1-17-06 | C20: 2 BR+ | D20: 65.2 | E20: ĐN-TN | F20: 45768 | G20: 45838 | H20: 4,174,368,060 | I20: 4,601,264,147 | J20: 4264 | K20: 3941 | L20: 4541 | M20: =LEFT(K20/D20,2)&"tr/m2" -> 60tr/m2 | N20: 25tr | O20: đã bán | P20: https://drive, google, com/drive/folders/1jL_Xjswvxy-6P_-yGb0rCVx-axcGclLH
A21: 1 | B21: C2Z1-13-12 | C21: 1 BR+ | D21: 45.7 | E21: TN | F21: 45768 | G21: 45834 | H21: 2852668902 | I21: 3143101390 | J21: 2912 | K21: 2692 | L21: 3102 | M21: =LEFT(K21/D21,2)&"tr/m2" -> 58tr/m2 | N21: 15tr | O21: Đã bán | P21: https://drive, google, com/drive/folders/19XvXvnMM4DvIvv6GaDo3NESLWaVjJ4jf
A22: 2 | B22: C2Z1-17-12 | C22: 1 BR+ | D22: 45.7 | E22: TN | F22: 45768 | G22: 45782 | H22: 2,936,563,820 | I22: 3,237,063,698 | J22: 2999 | K22: 2772 | L22: 3194 | M22: =LEFT(K22/D22,2)&"tr/m2" -> 60tr/m2 | N22: 15tr | O22: Đã bán | P22: https://drive, google, com/drive/folders/1d3RhTlAM3j7efsttuuLh0ShoxTY-UBLd
A23: 1 | B23: C2Z1-17-01 | C23: 2 BR + 1 MR | D23: 103 | E23: TB-ĐB | F23: 45768 | G23: 45838 | H23: 6,423,337,603 | I23: 7,077,191,915 | J23: 6558 | K23: 6061 | L23: 6984 | M23: =LEFT(K23/D23,2)&"tr/m2" -> 58tr/m2 | N23: 25tr | P23: https://drive, google, com/drive/folders/1Hlj886kTj3fRmj1Un5W5018EUzovqWm_
A24: QUỸ ĐỘC QUYỀN SƠ CẤP C1 TẦNG 7
A25: STT | B25: MÃ CĂN | C25: Loại căn | D25: Diện tích thông thủy (m2) | E25: Hướng | F25: CSBH | G25: Ngày KÝ XNDK | H25: Tổng giá chưa VAT & KPBT | I25: TỔNG GIÁ FULL | J25: Giá tiến độ | K25: Giá TTS | L25: Giá Vay | M25: Đơn giá (PA TTS) | N25: THƯỞNG SALE | O25: Tình trạng | P25: LINK PTG+ CHỈ CĂN
A26: 0 | B26: C2Z1-07-03 | C26: 1 BR | D26: 38.6 | E26: ĐB | F26: 45768 | H26: 2,478,868,261 | I26: 2,732,506,012 | J26: 2532 | K26: 2340 | L26: 2696 | M26: =LEFT(K26/D26,2)&"tr/m2" -> 60tr/m2 | N26: 15tr | O26: ĐÃ BÁN | P26: https://drive, google, com/drive/folders/1XU0sQCw_1TGS9RQKuQpF8u-EHHOGuQj7
A27: 0 | B27: C2Z1-07-05A | C27: 1 BR+ | D27: 45.5 | E27: ĐB | F27: 45768 | H27: 2,835,172,204 | I27: 3,123,732,168 | J27: 2894 | K27: 2675 | L27: 3082 | M27: =LEFT(K27/D27,2)&"tr/m2" -> 58tr/m2 | N27: 15tr | O27: ĐÃ BÁN | P27: https://drive, google, com/drive/folders/1KtUFMXB0Q_Srru9NL66mshyzQaeRJ50w
A28: 0 | B28: C2Z1-07-18 | C28: 1 BR+ | D28: 46.8 | E28: ĐB | F28: 45768 | G28: 45787 | H28: 2,920,187,790 | I28: 3,217,473,605 | J28: 2981 | K28: 2755 | L28: 3175 | M28: =LEFT(K28/D28,2)&"tr/m2" -> 58tr/m2 | N28: 15tr | O28: Đã bán | P28: https://drive, google, com/drive/folders/1A4kfQWs1-YXZilUO9fdwEhfFWe0AAnpP
A29: 0 | B29: C2Z1-07-05 | C29: 2 BR+ | D29: 65.2 | E29: ĐB-ĐN | F29: 45768 | G29: 45787 | H29: 4,043,454,349 | I29: 4,454,640,791 | J29: 4128 | K29: 3815 | L29: 4396 | M29: =LEFT(K29/D29,2)&"tr/m2" -> 58tr/m2 | N29: 25tr | O29: Đã bán | P29: https://drive, google, com/drive/folders/1ozwB7lDTP68qWVKjF2OwAod4R6ZTupXr
A30: 0 | B30: C2Z1-07-12 | C30: 1 BR+ | D30: 45.7 | E30: TN | F30: 45768 | G30: 45787 | H30: 2,787,125,962 | I30: 3,069,693,297 | J30: 2844 | K30: 2629 | L30: 3029 | M30: =LEFT(K30/D30,2)&"tr/m2" -> 57tr/m2 | N30: 15tr | O30: Đã bán | P30: https://drive, google, com/drive/folders/1W5h2vNByzLoGR2kBtkLCh8vxGjJDXN_D
A31: 0 | B31: C2Z1-07-12A | C31: 1 BR+ | D31: 45.7 | E31: TN | F31: 45768 | G31: 45787 | H31: 2,760,908,786 | I31: 3,040,330,061 | J31: 2817 | K31: 2603 | L31: 3000 | M31: =LEFT(K31/D31,2)&"tr/m2" -> 56tr/m2 | N31: 15tr | O31: Đã bán | P31: https://drive, google, com/drive/folders/10p96RBQE7H_4yv2OsQkEbCxABLjPSeju
A32: 0 | B32: C2Z1-07-08 | C32: 1 BR+ | D32: 45.6 | E32: TN | F32: 45768 | G32: 45787 | H32: 2,796,827,162 | I32: 3,080,672,181 | J32: 2855 | K32: 2638 | L32: 3040 | M32: =LEFT(K32/D32,2)&"tr/m2" -> 57tr/m2 | N32: 15tr | O32: Đã bán | P32: https://drive, google, com/drive/folders/1CTmCZb0Z6OMEeVLTo7r1QFSd-KgBO3QQ
A33: 1 | B33: C2Z1-07-15A | C33: 1 BR | D33: 40.8 | E33: TN | F33: 45768 | G33: 45787 | H33: 2,582,330,736 | I33: 2,845,886,105 | J33: 2637 | K33: 2437 | L33: 2808 | M33: =LEFT(K33/D33,2)&"tr/m2" -> 59tr/m2 | N33: 15tr | O33: đã bán | P33: https://drive, google, com/drive/folders/1mUAKNpphol3ZbmaqVLRX_SO5-KbaID_7
A34: 1 | B34: C2Z1-07-02 | C34: 1 BR + 1 MR | D34: 61.6 | E34: ĐB | F34: 45768 | G34: 45787 | H34: 3,774,661,414 | I34: 4,157,680,143 | J34: 3852 | K34: 3560 | L34: 4103 | M34: =LEFT(K34/D34,2)&"tr/m2" -> 57tr/m2 | N34: 25tr | O34: Đã bán | P34: https://drive, google, com/drive/folders/1uTJv6V93ivV19Oekv0XFaPNtu-XWU8KB
A35: 3 | B35: C2Z1-07-19 | C35: 1 BR + 1 MR | D35: 60.3 | E35: ĐB | F35: 45768 | G35: 45838 | H35: 3,696,507,103 | I35: 4,071,623,335 | J35: 3772 | K35: 3487 | L35: 4018 | M35: =LEFT(K35/D35,2)&"tr/m2" -> 57tr/m2 | N35: 25tr | O35: Đã bán | P35: https://drive, google, com/drive/folders/1cKrWEprokDLj5tzlAuh4FX0MIzSrgiPW
A36: 6 | B36: C2Z1-07-10 | C36: 1 BR + 1 MR | D36: 59.8 | E36: TN | H36: 3,724,767,982 | I36: 4,103,843,220 | J36: 3803 | K36: 3514 | L36: 4050 | M36: =LEFT(K36/D36,2)&"tr/m2" -> 58tr/m2 | N36: 25tr | O36: CHECK AD
A37: 7 | B37: C2Z1-07-01 | C37: 2 BR + 1 MR | D37: 103 | E37: TB-ĐB | H37: 6,092,439,185 | I37: 6,706,585,688 | J37: 6214 | K37: 5742 | L37: 6618 | M37: =LEFT(K37/D37,2)&"tr/m2" -> 55tr/m2 | N37: 25tr | O37: CHECK AD
A38: 8 | B38: C2Z1-07-18A | C38: 2 BR + 1 MR | D38: 100.1 | E38: TB-ĐB | H38: 5,981,343,068 | I38: 6,585,450,696 | J38: 6102 | K38: 5639 | L38: 6499 | M38: =LEFT(K38/D38,2)&"tr/m2" -> 56tr/m2 | N38: 25tr | O38: CHECK AD
A39: 2 | B39: C2Z1-07-06 | C39: 2 BR+ | D39: 65.2 | E39: ĐN-TN | F39: 45768 | G39: 45834 | H39: 3,961,165,690 | I39: 4,362,477,493 | J39: 4042 | K39: 3736 | L39: 4305 | M39: =LEFT(K39/D39,2)&"tr/m2" -> 57tr/m2 | N39: 25tr | O39: đã bán | P39: https://drive, google, com/drive/folders/1h9zrprqEjBrnFjTFuryFxJwWrxNJI84q
A40: 3 | B40: C2Z1-07-16 | C40: 2 BR+ | D40: 65.5 | E40: TN-TB | F40: 45768 | G40: 45838 | H40: 3,997,851,712 | I40: 4,403,225,217 | J40: 4080 | K40: 3771 | L40: 4345 | M40: =LEFT(K40/D40,2)&"tr/m2" -> 57tr/m2 | N40: 25tr | O40: Đã bán | P40: https://drive, google, com/drive/folders/1cV8AJNc6EBZiGU8VMsDArWV2GmghioXA
A41: 2 | B41: C2Z1-07-09 | C41: 1 BR + 1 MR | D41: 59.5 | E41: TN | F41: 45768 | G41: 45787 | H41: 3,569,903,967 | I41: 3,930,736,143 | J41: 3643 | K41: 3366 | L41: 3879 | M41: =LEFT(K41/D41,2)&"tr/m2" -> 56tr/m2 | N41: 25tr | O41: ĐÃ BÁN | P41: https://drive, google, com/drive/folders/1PsvIK3c_Tn4QvSYayQY_ZVJdX-5fRcIQ
A42: QUỸ ĐỘC QUYỀN SƠ CẤP C3
A43: STT | B43: MÃ CĂN | C43: Loại căn | D43: Diện tích thông thủy (m2) | E43: Hướng | F43: CSBH | G43: Ngày KÝ XNDK | H43: Tổng giá chưa VAT & KPBT | I43: TỔNG GIÁ FULL | J43: Giá tiến độ | K43: Giá TTS | L43: Giá Vay | M43: Đơn giá (PA TTS) | N43: THƯỞNG SALE | O43: Tình trạng | P43: LINK PTG+ CHỈ CĂN
A44: 2 | B44: C2Z3-17-10 | C44: 1 BR + 1 MR | D44: 60 | E44: ĐB | F44: 45839 | H44: 3,873,945,943 | J44: 4019 | K44: 3738 | L44: 4257 | M44: =LEFT(K44/D44,2)&"tr/m2" -> 62tr/m2 | N44: 25tr | O44: ĐÃ BÁN | P44: https://drive, google, com/drive/folders/13z0fs2om4vPkRGj_pBrfGDFaGEjSmFCK
A45: 3 | B45: C2Z3-21-19 | C45: 1 BR + 1 MR | D45: 59.8 | E45: TN-TB | F45: 45768 | G45: 45836 | H45: 3, 828, 689, 080 | I45: 4, 220, 234, 850 | J45: 3911 | K45: 3614 | L45: 4165 | M45: =LEFT(K45/D45,2)&"tr/m2" -> 60tr/m2 | N45: 25tr | O45: ĐÃ BÁN | P45: https://drive, google, com/drive/folders/1vvt9PlMbX2azvyAQx8SlgbEqIceYuP7u
A46: QUỸ ĐỘC QUYỀN THỨ CẤP C1,C2,C3
A47: STT | B47: TÒA | C47: MÃ CĂN | D47: Loại căn | E47: Diện tích thông thủy (m2) | F47: Hướng | G47: CSBH | H47: Ngày KÝ XNDK | I47: Tổng giá bán ( chưa KPBT) | J47: KPBT | K47: Giá TTS | L47: Giá Vay | M47: THƯỞNG SALE | N47: Đơn giá (PA TTS) | O47: TÌNH TRẠNG | P47: LINK PTG+ CHỈ CĂN | Q47: LINK PTG + CHỈ CĂN
A48: 0 | C48: C2Z2-06-08 | D48: 1 BR+ | E48: 45.5 | F48: TN | G48: 45797 | I48: 3,051,662,523 | J48: 38,675,000 | K48: 2667 | L48: 3090 | M48: 15tr | N48: =LEFT(K48/E48,2)&"tr/m2" -> 58tr/m2 | O48: ĐÃ BÁN
A49: 0 | C49: C2Z2-12-10 | D49: 2 BR+ | E49: 65.8 | F49: TN | G49: 45797 | I49: 4,491,859,964 | J49: 55,930,000 | K49: 3925 | L49: 4548 | M49: 25tr | N49: =LEFT(K49/E49,2)&"tr/m2" -> 59tr/m2 | O49: ĐÃ BÁN
A50: 5 | C50: C2Z2-16-08A | D50: 1 BR+ | E50: 45.5 | F50: TN | G50: 45797 | H50: 45810 | I50: 3,181,833,412 | J50: 38,675,000 | K50: 2779 | L50: 3189 | M50: 15tr | N50: =LEFT(K50/E50,2)&"tr/m2" -> 61tr/m2 | O50: ĐÃ BÁN | P50: https://drive, google, com/drive/folders/15lDDQ61hB2d_WKwTcXMJyAk9t7NT-cMU
A51: 4 | B51: C2 | C51: C2Z2-16-12A | D51: 1 BR | E51: 41.8 | F51: TN | G51: 45797 | H51: 45810 | I51: 3,020,767,142 | J51: 35,615,000 | K51: 2637 | L51: 3026 | M51: 15tr | N51: =LEFT(K51/E51,2)&"tr/m2" -> 63tr/m2 | O51: ĐÃ BÁN | P51: https://drive, google, com/drive/folders/1Z40bH1UWoq1dX_mW7UjMz5rZxKnKcycR
A52: 6 | C52: C2Z2-06-15 | D52: 2 BR+ | E52: 65.6 | F52: TN-TB | G52: 45797 | H52: 45810 | I52: 4,348,179,048 | J52: 55,760,000 | K52: 3801 | L52: 4360 | M52: 25tr | N52: =LEFT(K52/E52,2)&"tr/m2" -> 57tr/m2 | O52: ĐÃ BÁN | P52: https://drive, google, com/drive/folders/12LbaxBhkvdQWJ-qJIXlcL9GkyIMgrgQE
A53: 9 | C53: C2Z2-15-15 | D53: 2 BR+ | E53: 65.6 | F53: TN-TB | G53: 45797 | H53: 45810 | I53: 4,515,061,019 | J53: 55,760,000 | K53: 3945 | L53: 4526 | M53: 25tr | N53: =LEFT(K53/E53,2)&"tr/m2" -> 60tr/m2 | O53: ĐÃ BÁN | P53: https://drive, google, com/drive/folders/1vN7g54zZZuD7HC_h3kaoVGuW8hAA2oRv
A54: 5 | B54: C1 | C54: C2Z1-16-12 | D54: 1 BR+ | E54: 45.7 | F54: TN | G54: 45797 | H54: 45810 | I54: 3,206,019,802 | J54: 38,760,000 | K54: 2800 | L54: 3213 | M54: 15tr | N54: =LEFT(K54/E54,2)&"tr/m2" -> 61tr/m2 | O54: Đã bán | P54: https://drive, google, com/drive/folders/1PasrM6_7ZCb1-QfynactpBPqMsadmMON
A55: 6 | C55: C2Z1-16-12A | D55: 1 BR+ | E55: 45.7 | F55: TN | G55: 45797 | H55: 45810 | I55: 3,177,267,475 | J55: 38,760,000 | K55: 2775 | L55: 3184 | M55: 15tr | N55: =LEFT(K55/E55,2)&"tr/m2" -> 60tr/m2 | O55: Đã bán | P55: https://drive, google, com/drive/folders/1N2pLkwQD11-f-dV1CFiIBmHe2ybuQyiM
A56: 2 | C56: C2Z1-16-16 | D56: 2 BR+ | E56: 65.5 | F56: TN-TB | G56: 45797 | H56: 45810 | I56: 4,598,542,630 | J56: 55,675,000 | K56: 4016 | L56: 4608 | M56: 25tr | N56: =LEFT(K56/E56,2)&"tr/m2" -> 61tr/m2 | O56: ĐÃ BÁN | P56: https://drive, google, com/drive/folders/1_vinlH9NXmio0dFci1g8ZBbA_DgvI5Pl
A57: 4 | C57: C2Z2-15-10 | D57: 2 BR+ | E57: 65.8 | F57: TN | G57: 45797 | H57: 45810 | I57: 4,520,183,288 | J57: 55,930,000 | K57: 3949 | L57: 4531 | M57: 25tr | N57: =LEFT(K57/E57,2)&"tr/m2" -> 60tr/m2 | O57: Đã bán | P57: https://drive, google, com/drive/folders/1VZYFOle4eXvaFlynwJo4Xkqg_AtF0dk7
A58: 4 | C58: C2Z2-16-10 | D58: 2 BR+ | E58: 65.8 | F58: TN | G58: 45797 | H58: 45810 | I58: 4,562,206,391 | J58: 55,930,000 | K58: 3985 | L58: 4573 | M58: 25tr | N58: =LEFT(K58/E58,2)&"tr/m2" -> 60tr/m2 | O58: Đã bán | P58: https://drive, google, com/drive/folders/1CqiGaEqAiWuwSsbxv2Nq7OiVPwPRcGCK
A59: 3 | C59: C2Z1-06-18A | D59: 2 BR+1 | E59: 100.1 | F59: TB-ĐB | G59: 45839 | H59: 45860 | I59: 6,491,090,997 | J59: 85,085,000 | K59: 5740 | L59: 6511 | M59: 40tr | N59: =LEFT(K59/E59,2)&"tr/m2" -> 57tr/m2 | P59: https://drive, google, com/drive/folders/1SzxuwemI-4CuKveYPCh2HdBRRV962BsE

Sheet C1-CT
D1: CẬP NHẬT BẢNG HÀNG TÒA C1 - PHÂN KHU CENTRAL SQUARE
A2: C2Z1- | D2: Ngày cập nhật: | G2: =today() -> 46212 | L2: Quỹ chung | N2: Độc quyền | P2: Đã bán | R2: Quỹ CHECK AD
A4: TẦNG/CĂN | B4: -01 | C4: -02 | D4: -03 | E4: -05A | F4: -05 | G4: -06 | H4: -08A | I4: -08 | J4: -09 | K4: -10 | L4: -11 | M4: -12 | N4: -12A | O4: -15A | P4: -15 | Q4: -16 | R4: -18A | S4: -18 | T4: -19 | U4: TẦNG/CĂN
A5: Loại căn | B5: 2BR + 1MR | C5: 1 BR + 1MR | D5: 1 BR | E5: 1 BR+ | F5: 2 BR+ | G5: 2 BR+ | H5: Studio | I5: 1 BR+ | J5: 1 BR + 1MR | K5: 1 BR + 1MR | L5: Studio | M5: 1 BR+ | N5: 1 BR+ | O5: 1 BR | P5: Studio | Q5: 2 BR+ | R5: 2BR + 1MR | S5: 1 BR+ | T5: 1 BR + 1MR | U5: Loại căn
A6: DT TT | B6: 103 | C6: 61,6 | D6: 38,6 | E6: 45,5 | F6: 65,2 | G6: 65,2 | H6: 29,4 | I6: 45,6 | J6: 59,5 | K6: 59,8 | L6: 30 | M6: 45,7 | N6: 45,7 | O6: 40,8 | P6: 30,7 | Q6: 65,5 | R6: 100,1 | S6: 46,8 | T6: 60,3 | U6: DT TT
A7: Hướng ban công | B7: TB - ĐB | C7: ĐB | D7: ĐB | E7: ĐB | F7: ĐB - ĐN | G7: ĐN - TN | H7: TN | I7: TN | J7: TN | K7: TN | L7: TN | M7: TN | N7: TN | O7: TN | P7: TN | Q7: TN - TB | R7: TB - ĐB | S7: ĐB | T7: ĐB | U7: Hướng ban công
A8: View | B8: View Nội khu - Công viên | G8: View Biệt thự thấp tầng, đường lớn | R8: View Nội khu - Công viên | U8: View
A9: 01 | B9: =IFERROR(VLOOKUP($A$2&$A9&B$4,'Bảng giá chi tiết'!$C:$J,8,0),"") | C9: =IFERROR(VLOOKUP($A$2&$A9&C$4,'Bảng giá chi tiết'!$C:$J,8,0),"") | D9: =IFERROR(VLOOKUP($A$2&$A9&D$4,'Bảng giá chi tiết'!$C:$J,8,0),"") | E9: =IFERROR(VLOOKUP($A$2&$A9&E$4,'Bảng giá chi tiết'!$C:$J,8,0),"") | F9: =IFERROR(VLOOKUP($A$2&$A9&F$4,'Bảng giá chi tiết'!$C:$J,8,0),"") | G9: =IFERROR(VLOOKUP($A$2&$A9&G$4,'Bảng giá chi tiết'!$C:$J,8,0),"") | H9: =IFERROR(VLOOKUP($A$2&$A9&H$4,'Bảng giá chi tiết'!$C:$J,8,0),"") | I9: =IFERROR(VLOOKUP($A$2&$A9&I$4,'Bảng giá chi tiết'!$C:$J,8,0),"") | ... T9: =IFERROR(VLOOKUP($A$2&$A9&T$4,'Bảng giá chi tiết'!$C:$J,8,0),"") | U9: 01
A10: 02 | B10: =IFERROR(VLOOKUP($A$2&$A10&B$4,'Bảng giá chi tiết'!$C:$J,8,0),"") | C10: =IFERROR(VLOOKUP($A$2&$A10&C$4,'Bảng giá chi tiết'!$C:$J,8,0),"") | D10: =IFERROR(VLOOKUP($A$2&$A10&D$4,'Bảng giá chi tiết'!$C:$J,8,0),"") | E10: =IFERROR(VLOOKUP($A$2&$A10&E$4,'Bảng giá chi tiết'!$C:$J,8,0),"") | F10: =IFERROR(VLOOKUP($A$2&$A10&F$4,'Bảng giá chi tiết'!$C:$J,8,0),"") | G10: =IFERROR(VLOOKUP($A$2&$A10&G$4,'Bảng giá chi tiết'!$C:$J,8,0),"") | H10: =IFERROR(VLOOKUP($A$2&$A10&H$4,'Bảng giá chi tiết'!$C:$J,8,0),"") | I10: =IFERROR(VLOOKUP($A$2&$A10&I$4,'Bảng giá chi tiết'!$C:$J,8,0),"") | ... T10: =IFERROR(VLOOKUP($A$2&$A10&T$4,'Bảng giá chi tiết'!$C:$J,8,0),"") | U10: 02
A11: 03 | B11: =IFERROR(VLOOKUP($A$2&$A11&B$4,'Bảng giá chi tiết'!$C:$J,8,0),"") | C11: =IFERROR(VLOOKUP($A$2&$A11&C$4,'Bảng giá chi tiết'!$C:$J,8,0),"") | D11: =IFERROR(VLOOKUP($A$2&$A11&D$4,'Bảng giá chi tiết'!$C:$J,8,0),"") | E11: =IFERROR(VLOOKUP($A$2&$A11&E$4,'Bảng giá chi tiết'!$C:$J,8,0),"") | F11: =IFERROR(VLOOKUP($A$2&$A11&F$4,'Bảng giá chi tiết'!$C:$J,8,0),"") | G11: =IFERROR(VLOOKUP($A$2&$A11&G$4,'Bảng giá chi tiết'!$C:$J,8,0),"") | H11: =IFERROR(VLOOKUP($A$2&$A11&H$4,'Bảng giá chi tiết'!$C:$J,8,0),"") | I11: =IFERROR(VLOOKUP($A$2&$A11&I$4,'Bảng giá chi tiết'!$C:$J,8,0),"") | ... T11: =IFERROR(VLOOKUP($A$2&$A11&T$4,'Bảng giá chi tiết'!$C:$J,8,0),"") | U11: 03
A12: 04 | B12: =IFERROR(VLOOKUP($A$2&$A12&B$4,'Bảng giá chi tiết'!$C:$J,8,0),"") | C12: =IFERROR(VLOOKUP($A$2&$A12&C$4,'Bảng giá chi tiết'!$C:$J,8,0),"") | D12: =IFERROR(VLOOKUP($A$2&$A12&D$4,'Bảng giá chi tiết'!$C:$J,8,0),"") | E12: =IFERROR(VLOOKUP($A$2&$A12&E$4,'Bảng giá chi tiết'!$C:$J,8,0),"") | F12: =IFERROR(VLOOKUP($A$2&$A12&F$4,'Bảng giá chi tiết'!$C:$J,8,0),"") | G12: =IFERROR(VLOOKUP($A$2&$A12&G$4,'Bảng giá chi tiết'!$C:$J,8,0),"") | H12: =IFERROR(VLOOKUP($A$2&$A12&H$4,'Bảng giá chi tiết'!$C:$J,8,0),"") | I12: =IFERROR(VLOOKUP($A$2&$A12&I$4,'Bảng giá chi tiết'!$C:$J,8,0),"") | ... T12: =IFERROR(VLOOKUP($A$2&$A12&T$4,'Bảng giá chi tiết'!$C:$J,8,0),"") | U12: 04
A13: 05 | B13: =IFERROR(VLOOKUP($A$2&$A13&B$4,'Bảng giá chi tiết'!$C:$J,8,0),"") -> 0? | C13: =IFERROR(VLOOKUP($A$2&$A13&C$4,'Bảng giá chi tiết'!$C:$J,8,0),"") | D13: =IFERROR(VLOOKUP($A$2&$A13&D$4,'Bảng giá chi tiết'!$C:$J,8,0),"") | E13: =IFERROR(VLOOKUP($A$2&$A13&E$4,'Bảng giá chi tiết'!$C:$J,8,0),"") | F13: =IFERROR(VLOOKUP($A$2&$A13&F$4,'Bảng giá chi tiết'!$C:$J,8,0),"") -> 0? | G13: =IFERROR(VLOOKUP($A$2&$A13&G$4,'Bảng giá chi tiết'!$C:$J,8,0),"") | H13: =IFERROR(VLOOKUP($A$2&$A13&H$4,'Bảng giá chi tiết'!$C:$J,8,0),"") | I13: =IFERROR(VLOOKUP($A$2&$A13&I$4,'Bảng giá chi tiết'!$C:$J,8,0),"") | ... T13: =IFERROR(VLOOKUP($A$2&$A13&T$4,'Bảng giá chi tiết'!$C:$J,8,0),"") | U13: 05
A14: 06 | B14: =IFERROR(VLOOKUP($A$2&$A14&B$4,'Bảng giá chi tiết'!$C:$J,8,0),"") | C14: =IFERROR(VLOOKUP($A$2&$A14&C$4,'Bảng giá chi tiết'!$C:$J,8,0),"") | D14: =IFERROR(VLOOKUP($A$2&$A14&D$4,'Bảng giá chi tiết'!$C:$J,8,0),"") | E14: =IFERROR(VLOOKUP($A$2&$A14&E$4,'Bảng giá chi tiết'!$C:$J,8,0),"") | F14: =IFERROR(VLOOKUP($A$2&$A14&F$4,'Bảng giá chi tiết'!$C:$J,8,0),"") | G14: =IFERROR(VLOOKUP($A$2&$A14&G$4,'Bảng giá chi tiết'!$C:$J,8,0),"") | H14: =IFERROR(VLOOKUP($A$2&$A14&H$4,'Bảng giá chi tiết'!$C:$J,8,0),"") | I14: =IFERROR(VLOOKUP($A$2&$A14&I$4,'Bảng giá chi tiết'!$C:$J,8,0),"") | ... T14: =IFERROR(VLOOKUP($A$2&$A14&T$4,'Bảng giá chi tiết'!$C:$J,8,0),"") | U14: 06
A15: 07 | B15: =IFERROR(VLOOKUP($A$2&$A15&B$4,'Bảng giá chi tiết'!$C:$J,8,0),"") | C15: =IFERROR(VLOOKUP($A$2&$A15&C$4,'Bảng giá chi tiết'!$C:$J,8,0),"") | D15: =IFERROR(VLOOKUP($A$2&$A15&D$4,'Bảng giá chi tiết'!$C:$J,8,0),"") | E15: =IFERROR(VLOOKUP($A$2&$A15&E$4,'Bảng giá chi tiết'!$C:$J,8,0),"") | F15: =IFERROR(VLOOKUP($A$2&$A15&F$4,'Bảng giá chi tiết'!$C:$J,8,0),"") -> 0? | G15: =IFERROR(VLOOKUP($A$2&$A15&G$4,'Bảng giá chi tiết'!$C:$J,8,0),"") | H15: =IFERROR(VLOOKUP($A$2&$A15&H$4,'Bảng giá chi tiết'!$C:$J,8,0),"") | I15: =IFERROR(VLOOKUP($A$2&$A15&I$4,'Bảng giá chi tiết'!$C:$J,8,0),"") | ... T15: =IFERROR(VLOOKUP($A$2&$A15&T$4,'Bảng giá chi tiết'!$C:$J,8,0),"") | U15: 07
A16: 08 | B16: =IFERROR(VLOOKUP($A$2&$A16&B$4,'Bảng giá chi tiết'!$C:$J,8,0),"") | C16: =IFERROR(VLOOKUP($A$2&$A16&C$4,'Bảng giá chi tiết'!$C:$J,8,0),"") | D16: =IFERROR(VLOOKUP($A$2&$A16&D$4,'Bảng giá chi tiết'!$C:$J,8,0),"") | E16: =IFERROR(VLOOKUP($A$2&$A16&E$4,'Bảng giá chi tiết'!$C:$J,8,0),"") | F16: =IFERROR(VLOOKUP($A$2&$A16&F$4,'Bảng giá chi tiết'!$C:$J,8,0),"") | G16: =IFERROR(VLOOKUP($A$2&$A16&G$4,'Bảng giá chi tiết'!$C:$J,8,0),"") | H16: =IFERROR(VLOOKUP($A$2&$A16&H$4,'Bảng giá chi tiết'!$C:$J,8,0),"") | I16: =IFERROR(VLOOKUP($A$2&$A16&I$4,'Bảng giá chi tiết'!$C:$J,8,0),"") | ... T16: =IFERROR(VLOOKUP($A$2&$A16&T$4,'Bảng giá chi tiết'!$C:$J,8,0),"") | U16: 08
A17: 09 | B17: =IFERROR(VLOOKUP($A$2&$A17&B$4,'Bảng giá chi tiết'!$C:$J,8,0),"") | C17: =IFERROR(VLOOKUP($A$2&$A17&C$4,'Bảng giá chi tiết'!$C:$J,8,0),"") | D17: =IFERROR(VLOOKUP($A$2&$A17&D$4,'Bảng giá chi tiết'!$C:$J,8,0),"") | E17: =IFERROR(VLOOKUP($A$2&$A17&E$4,'Bảng giá chi tiết'!$C:$J,8,0),"") | F17: =IFERROR(VLOOKUP($A$2&$A17&F$4,'Bảng giá chi tiết'!$C:$J,8,0),"") | G17: =IFERROR(VLOOKUP($A$2&$A17&G$4,'Bảng giá chi tiết'!$C:$J,8,0),"") | H17: =IFERROR(VLOOKUP($A$2&$A17&H$4,'Bảng giá chi tiết'!$C:$J,8,0),"") | I17: =IFERROR(VLOOKUP($A$2&$A17&I$4,'Bảng giá chi tiết'!$C:$J,8,0),"") | ... T17: =IFERROR(VLOOKUP($A$2&$A17&T$4,'Bảng giá chi tiết'!$C:$J,8,0),"") | U17: 09
A18: 10 | B18: =IFERROR(VLOOKUP($A$2&$A18&B$4,'Bảng giá chi tiết'!$C:$J,8,0),"") | C18: =IFERROR(VLOOKUP($A$2&$A18&C$4,'Bảng giá chi tiết'!$C:$J,8,0),"") -> 0? | D18: =IFERROR(VLOOKUP($A$2&$A18&D$4,'Bảng giá chi tiết'!$C:$J,8,0),"") -> 0? | E18: =IFERROR(VLOOKUP($A$2&$A18&E$4,'Bảng giá chi tiết'!$C:$J,8,0),"") | F18: =IFERROR(VLOOKUP($A$2&$A18&F$4,'Bảng giá chi tiết'!$C:$J,8,0),"") | G18: =IFERROR(VLOOKUP($A$2&$A18&G$4,'Bảng giá chi tiết'!$C:$J,8,0),"") | H18: =IFERROR(VLOOKUP($A$2&$A18&H$4,'Bảng giá chi tiết'!$C:$J,8,0),"") | I18: =IFERROR(VLOOKUP($A$2&$A18&I$4,'Bảng giá chi tiết'!$C:$J,8,0),"") | ... T18: =IFERROR(VLOOKUP($A$2&$A18&T$4,'Bảng giá chi tiết'!$C:$J,8,0),"") -> 0? | U18: 10
A19: 11 | B19: =IFERROR(VLOOKUP($A$2&$A19&B$4,'Bảng giá chi tiết'!$C:$J,8,0),"") -> 5025? | C19: =IFERROR(VLOOKUP($A$2&$A19&C$4,'Bảng giá chi tiết'!$C:$J,8,0),"") -> 4343? | D19: =IFERROR(VLOOKUP($A$2&$A19&D$4,'Bảng giá chi tiết'!$C:$J,8,0),"") | E19: =IFERROR(VLOOKUP($A$2&$A19&E$4,'Bảng giá chi tiết'!$C:$J,8,0),"") | F19: =IFERROR(VLOOKUP($A$2&$A19&F$4,'Bảng giá chi tiết'!$C:$J,8,0),"") -> 6354? | G19: =IFERROR(VLOOKUP($A$2&$A19&G$4,'Bảng giá chi tiết'!$C:$J,8,0),"") | H19: =IFERROR(VLOOKUP($A$2&$A19&H$4,'Bảng giá chi tiết'!$C:$J,8,0),"") | I19: =IFERROR(VLOOKUP($A$2&$A19&I$4,'Bảng giá chi tiết'!$C:$J,8,0),"") | ... T19: =IFERROR(VLOOKUP($A$2&$A19&T$4,'Bảng giá chi tiết'!$C:$J,8,0),"") -> 4314? | U19: 11
A20: 12 | B20: =IFERROR(VLOOKUP($A$2&$A20&B$4,'Bảng giá chi tiết'!$C:$J,8,0),"") | C20: =IFERROR(VLOOKUP($A$2&$A20&C$4,'Bảng giá chi tiết'!$C:$J,8,0),"") | D20: =IFERROR(VLOOKUP($A$2&$A20&D$4,'Bảng giá chi tiết'!$C:$J,8,0),"") | E20: =IFERROR(VLOOKUP($A$2&$A20&E$4,'Bảng giá chi tiết'!$C:$J,8,0),"") | F20: =IFERROR(VLOOKUP($A$2&$A20&F$4,'Bảng giá chi tiết'!$C:$J,8,0),"") | G20: =IFERROR(VLOOKUP($A$2&$A20&G$4,'Bảng giá chi tiết'!$C:$J,8,0),"") | H20: =IFERROR(VLOOKUP($A$2&$A20&H$4,'Bảng giá chi tiết'!$C:$J,8,0),"") | I20: =IFERROR(VLOOKUP($A$2&$A20&I$4,'Bảng giá chi tiết'!$C:$J,8,0),"") | ... T20: =IFERROR(VLOOKUP($A$2&$A20&T$4,'Bảng giá chi tiết'!$C:$J,8,0),"") | U20: 12
... A27: 19 | B27: =IFERROR(VLOOKUP($A$2&$A27&B$4,'Bảng giá chi tiết'!$C:$J,8,0),"") | C27: =IFERROR(VLOOKUP($A$2&$A27&C$4,'Bảng giá chi tiết'!$C:$J,8,0),"") | D27: =IFERROR(VLOOKUP($A$2&$A27&D$4,'Bảng giá chi tiết'!$C:$J,8,0),"") | E27: =IFERROR(VLOOKUP($A$2&$A27&E$4,'Bảng giá chi tiết'!$C:$J,8,0),"") | F27: =IFERROR(VLOOKUP($A$2&$A27&F$4,'Bảng giá chi tiết'!$C:$J,8,0),"") | G27: =IFERROR(VLOOKUP($A$2&$A27&G$4,'Bảng giá chi tiết'!$C:$J,8,0),"") | H27: =IFERROR(VLOOKUP($A$2&$A27&H$4,'Bảng giá chi tiết'!$C:$J,8,0),"") | I27: =IFERROR(VLOOKUP($A$2&$A27&I$4,'Bảng giá chi tiết'!$C:$J,8,0),"") | ... T27: =IFERROR(VLOOKUP($A$2&$A27&T$4,'Bảng giá chi tiết'!$C:$J,8,0),"") | U27: 19
A28: 20 | B28: =IFERROR(VLOOKUP($A$2&$A28&B$4,'Bảng giá chi tiết'!$C:$J,8,0),"") | C28: =IFERROR(VLOOKUP($A$2&$A28&C$4,'Bảng giá chi tiết'!$C:$J,8,0),"") | D28: =IFERROR(VLOOKUP($A$2&$A28&D$4,'Bảng giá chi tiết'!$C:$J,8,0),"") | E28: =IFERROR(VLOOKUP($A$2&$A28&E$4,'Bảng giá chi tiết'!$C:$J,8,0),"") | F28: =IFERROR(VLOOKUP($A$2&$A28&F$4,'Bảng giá chi tiết'!$C:$J,8,0),"") | G28: =IFERROR(VLOOKUP($A$2&$A28&G$4,'Bảng giá chi tiết'!$C:$J,8,0),"") | H28: =IFERROR(VLOOKUP($A$2&$A28&H$4,'Bảng giá chi tiết'!$C:$J,8,0),"") | I28: =IFERROR(VLOOKUP($A$2&$A28&I$4,'Bảng giá chi tiết'!$C:$J,8,0),"") | ... T28: =IFERROR(VLOOKUP($A$2&$A28&T$4,'Bảng giá chi tiết'!$C:$J,8,0),"") | U28: 20
A29: 21 | B29: =IFERROR(VLOOKUP($A$2&$A29&B$4,'Bảng giá chi tiết'!$C:$J,8,0),"") | C29: =IFERROR(VLOOKUP($A$2&$A29&C$4,'Bảng giá chi tiết'!$C:$J,8,0),"") | D29: =IFERROR(VLOOKUP($A$2&$A29&D$4,'Bảng giá chi tiết'!$C:$J,8,0),"") | E29: =IFERROR(VLOOKUP($A$2&$A29&E$4,'Bảng giá chi tiết'!$C:$J,8,0),"") | F29: =IFERROR(VLOOKUP($A$2&$A29&F$4,'Bảng giá chi tiết'!$C:$J,8,0),"") | G29: =IFERROR(VLOOKUP($A$2&$A29&G$4,'Bảng giá chi tiết'!$C:$J,8,0),"") | H29: =IFERROR(VLOOKUP($A$2&$A29&H$4,'Bảng giá chi tiết'!$C:$J,8,0),"") | I29: =IFERROR(VLOOKUP($A$2&$A29&I$4,'Bảng giá chi tiết'!$C:$J,8,0),"") | ... T29: =IFERROR(VLOOKUP($A$2&$A29&T$4,'Bảng giá chi tiết'!$C:$J,8,0),"") | U29: 21
A30: 22 | B30: =IFERROR(VLOOKUP($A$2&$A30&B$4,'Bảng giá chi tiết'!$C:$J,8,0),"") | C30: =IFERROR(VLOOKUP($A$2&$A30&C$4,'Bảng giá chi tiết'!$C:$J,8,0),"") | D30: =IFERROR(VLOOKUP($A$2&$A30&D$4,'Bảng giá chi tiết'!$C:$J,8,0),"") | E30: =IFERROR(VLOOKUP($A$2&$A30&E$4,'Bảng giá chi tiết'!$C:$J,8,0),"") | F30: =IFERROR(VLOOKUP($A$2&$A30&F$4,'Bảng giá chi tiết'!$C:$J,8,0),"") | G30: =IFERROR(VLOOKUP($A$2&$A30&G$4,'Bảng giá chi tiết'!$C:$J,8,0),"") | H30: =IFERROR(VLOOKUP($A$2&$A30&H$4,'Bảng giá chi tiết'!$C:$J,8,0),"") | I30: =IFERROR(VLOOKUP($A$2&$A30&I$4,'Bảng giá chi tiết'!$C:$J,8,0),"") | ... T30: =IFERROR(VLOOKUP($A$2&$A30&T$4,'Bảng giá chi tiết'!$C:$J,8,0),"") | U30: 22
A31: 23 | B31: =IFERROR(VLOOKUP($A$2&$A31&B$4,'Bảng giá chi tiết'!$C:$J,8,0),"") | C31: =IFERROR(VLOOKUP($A$2&$A31&C$4,'Bảng giá chi tiết'!$C:$J,8,0),"") | D31: =IFERROR(VLOOKUP($A$2&$A31&D$4,'Bảng giá chi tiết'!$C:$J,8,0),"") | E31: =IFERROR(VLOOKUP($A$2&$A31&E$4,'Bảng giá chi tiết'!$C:$J,8,0),"") | F31: =IFERROR(VLOOKUP($A$2&$A31&F$4,'Bảng giá chi tiết'!$C:$J,8,0),"") -> 6520? | G31: =IFERROR(VLOOKUP($A$2&$A31&G$4,'Bảng giá chi tiết'!$C:$J,8,0),"") | H31: =IFERROR(VLOOKUP($A$2&$A31&H$4,'Bảng giá chi tiết'!$C:$J,8,0),"") | I31: =IFERROR(VLOOKUP($A$2&$A31&I$4,'Bảng giá chi tiết'!$C:$J,8,0),"") | ... T31: =IFERROR(VLOOKUP($A$2&$A31&T$4,'Bảng giá chi tiết'!$C:$J,8,0),"") | U31: 23
A32: 24 | B32: =IFERROR(VLOOKUP($A$2&$A32&B$4,'Bảng giá chi tiết'!$C:$J,8,0),"") | C32: =IFERROR(VLOOKUP($A$2&$A32&C$4,'Bảng giá chi tiết'!$C:$J,8,0),"") | D32: =IFERROR(VLOOKUP($A$2&$A32&D$4,'Bảng giá chi tiết'!$C:$J,8,0),"") | E32: =IFERROR(VLOOKUP($A$2&$A32&E$4,'Bảng giá chi tiết'!$C:$J,8,0),"") | F32: =IFERROR(VLOOKUP($A$2&$A32&F$4,'Bảng giá chi tiết'!$C:$J,8,0),"") -> 0? | G32: =IFERROR(VLOOKUP($A$2&$A32&G$4,'Bảng giá chi tiết'!$C:$J,8,0),"") | H32: =IFERROR(VLOOKUP($A$2&$A32&H$4,'Bảng giá chi tiết'!$C:$J,8,0),"") | I32: =IFERROR(VLOOKUP($A$2&$A32&I$4,'Bảng giá chi tiết'!$C:$J,8,0),"") | ... T32: =IFERROR(VLOOKUP($A$2&$A32&T$4,'Bảng giá chi tiết'!$C:$J,8,0),"") | U32: 24
A33: TẦNG/CĂN | B33: 01 | C33: 02 | E33: 03 | G33: 05A | H33: 05 | I33: 06 | J33: 08A | K33: 08 | L33: 09 | M33: 10 | N33: 11 | O33: 12 | P33: 12A | R33: 15A | S33: 15 | T33: 16 | U33: TẦNG/CĂN
A34: Loại căn | B34: DUPLEX | C34: 2BR + 1MR | E34: DUPLEX | G34: 2 BR+ | H34: Studio | I34: 1 BR+ | J34: 1 BR + 1MR | K34: 1 BR + 1MR | L34: Studio | M34: 1 BR+ | N34: 1 BR+ | O34: 1 BR | P34: 2BR + 1MR | R34: DUPLEX | S34: 1 BR+ | T34: 1 BR + 1MR | U34: Loại căn
A35: DT TT | B35: 103,1 | C35: 102,1 | E35: 110,7 | G35: 65,2 | H35: 29,4 | I35: 45,6 | J35: 59,5 | K35: 59,8 | L35: 30 | M35: 45,7 | N35: 45,7 | O35: 40,8 | P35: 96,3 | R35: 100,4 | S35: 46,8 | T35: 60,3 | U35: DT TT
A36: 25 | B36: =IFERROR(VLOOKUP($A$2&$A36&B$4,'Bảng giá chi tiết'!$C:$J,8,0),"") | C36: =IFERROR(VLOOKUP($A$2&$A36&C$4,'Bảng giá chi tiết'!$C:$J,8,0),"") | D36: =IFERROR(VLOOKUP($A$2&$A36&D$4,'Bảng giá chi tiết'!$C:$J,8,0),"") | E36: =IFERROR(VLOOKUP($A$2&$A36&E$4,'Bảng giá chi tiết'!$C:$J,8,0),"") | F36: =IFERROR(VLOOKUP($A$2&$A36&F$4,'Bảng giá chi tiết'!$C:$J,8,0),"") | G36: =IFERROR(VLOOKUP($A$2&$A36&G$4,'Bảng giá chi tiết'!$C:$J,8,0),"") | H36: =IFERROR(VLOOKUP($A$2&$A36&H$4,'Bảng giá chi tiết'!$C:$J,8,0),"") | I36: =IFERROR(VLOOKUP($A$2&$A36&I$4,'Bảng giá chi tiết'!$C:$J,8,0),"") | ... T36: =IFERROR(VLOOKUP($A$2&$A36&T$4,'Bảng giá chi tiết'!$C:$J,8,0),"") | U36: 25
A37: TẦNG/CĂN | C37: 01 | G37: 02 | I37: 03 | J37: 05A | S37: 05 | T37: 06 | U37: TẦNG/CĂN
A38: Loại căn | B38: DUPLEX | C38: 3 BR | E38: DUPLEX | G38: 3 BR | I38: 1 BR+ | J38: 2 BR | R38: DUPLEX | S38: 1 BR+ | T38: 2 BR | U38: Loại căn
A39: DT TT | B39: 80,9 | C39: 98,9 | E39: 84,1 | G39: 106,3 | I39: 45,5 | J39: 58,8 | R39: 69,8 | S39: 46,6 | T39: 59,5 | U39: DT TT
A40: 26 | B40: =IFERROR(__xludf.DUMMYFUNCTION("ARRAYFORMULA( IF( IMPORTRANGE(""1Eot2b28R3MqVuoQdclpaU-BSV2lEsjsopqYknLqiKPg"", ""C1 - CT!B40:T40"")<>"""", HYPERLINK( REGEXEXTRACT(IMPORTRANGE(""1Eot2b28R3MqVuoQdclpaU-BSV2lEsjsopqYknLqiKPg"",""C1 - CT!B40:T40""), ""\n(.+)"&"""), REGEXEXTRACT(IMPORTRANGE(""1Eot2b28R3MqVuoQdclpaU-BSV2lEsjsopqYknLqiKPg"", ""C1 - CT!B40:T40""), ""^(.+)\n"")), """" ) )"),"#REF!") -> #REF! | U40: 26
A41: TẦNG/CĂN | C41: 01 | G41: 02 | R41: 03 | U41: TẦNG/CĂN
A42: Loại căn | C42: PENHOUSE | G42: PENHOUSE | R42: PENHOUSE | U42: Loại căn
A43: DT TT | C43: 191,4 | G43: 192,3 | R43: 187,2 | U43: DT TT
A44: 27 | U44: 27

Sheet C2-CT 
D1: CẬP NHẬT BẢNG HÀNG TÒA C2 - PHÂN KHU CENTRAL SQUARE
A2: C2Z2- | D2: Ngày cập nhật: | G2: =TODAY() -> 46212 | L2: Quỹ chung | N2: Độc quyền | P2: Đã bán | R2: Quỹ chéo
A4: TẦNG/CĂN | B4: -01 | C4: -02 | D4: -03 | E4: -05A | F4: -05 | G4: -06 | H4: -08A | I4: -08 | J4: -09 | K4: -10 | L4: -11 | M4: -12 | N4: -12A | O4: -15A | P4: -15 | Q4: -16 | R4: -18A | S4: -18 | T4: -19 | U4: TẦNG/CĂN
A5: Loại căn | B5: 3 BR | C5: 1 BR | D5: 2 BR | E5: 1 BR+ | F5: 2 BR+ | G5: 2 BR | H5: 1 BR+ | I5: 1 BR+ | J5: 2 BR | K5: 2 BR+ | L5: 1 BR+ | M5: 2 BR | N5: 1 BR | O5: Studio | P5: 2 BR+ | Q5: 2 BR+ | R5: Studio | S5: 1 BR+ | T5: 2 BR | U5: Loại căn
A6: DT TT | B6: 100,3 | C6: 39,3 | D6: 58 | E6: 45,4 | F6: 65,1 | G6: 61,4 | H6: 45,5 | I6: 45,5 | J6: 58,8 | K6: 65,8 | L6: 45,5 | M6: 58,4 | N6: 41,8 | O6: 28,8 | P6: 65,6 | Q6: 67,4 | R6: 31,7 | S6: 45,6 | T6: 59,5 | U6: DT TT
A7: Hướng ban công | B7: ĐB | C7: ĐB | D7: ĐB | E7: ĐB | F7: ĐB - ĐN | G7: ĐN - TN | H7: TN | I7: TN | J7: TN | K7: TN | L7: TN | M7: TN | N7: TN | O7: TN | P7: TN - TB | Q7: TB - ĐB | R7: ĐB | S7: ĐB | T7: ĐB | U7: Hướng ban công
A8: View | B8: View Công viên | G8: View Nội khu | Q8: View Công viên | U8: View
A9: 01 | B9: =IFERROR(VLOOKUP($A$2&$A9&B$4,'Bảng giá chi tiết'!$C:$J,8,0),"") | C9: =IFERROR(VLOOKUP($A$2&$A9&C$4,'Bảng giá chi tiết'!$C:$J,8,0),"") | D9: =IFERROR(VLOOKUP($A$2&$A9&D$4,'Bảng giá chi tiết'!$C:$J,8,0),"") | E9: =IFERROR(VLOOKUP($A$2&$A9&E$4,'Bảng giá chi tiết'!$C:$J,8,0),"") | F9: =IFERROR(VLOOKUP($A$2&$A9&F$4,'Bảng giá chi tiết'!$C:$J,8,0),"") | G9: =IFERROR(VLOOKUP($A$2&$A9&G$4,'Bảng giá chi tiết'!$C:$J,8,0),"") | H9: =IFERROR(VLOOKUP($A$2&$A9&H$4,'Bảng giá chi tiết'!$C:$J,8,0),"") | I9: =IFERROR(VLOOKUP($A$2&$A9&I$4,'Bảng giá chi tiết'!$C:$J,8,0),"") | ... T9: =IFERROR(VLOOKUP($A$2&$A9&T$4,'Bảng giá chi tiết'!$C:$J,8,0),"") | U9: 01
A10: 02 | B10: =IFERROR(VLOOKUP($A$2&$A10&B$4,'Bảng giá chi tiết'!$C:$J,8,0),"") | C10: =IFERROR(VLOOKUP($A$2&$A10&C$4,'Bảng giá chi tiết'!$C:$J,8,0),"") | D10: =IFERROR(VLOOKUP($A$2&$A10&D$4,'Bảng giá chi tiết'!$C:$J,8,0),"") | E10: =IFERROR(VLOOKUP($A$2&$A10&E$4,'Bảng giá chi tiết'!$C:$J,8,0),"") | F10: =IFERROR(VLOOKUP($A$2&$A10&F$4,'Bảng giá chi tiết'!$C:$J,8,0),"") | G10: =IFERROR(VLOOKUP($A$2&$A10&G$4,'Bảng giá chi tiết'!$C:$J,8,0),"") | H10: =IFERROR(VLOOKUP($A$2&$A10&H$4,'Bảng giá chi tiết'!$C:$J,8,0),"") | I10: =IFERROR(VLOOKUP($A$2&$A10&I$4,'Bảng giá chi tiết'!$C:$J,8,0),"") | ... T10: =IFERROR(VLOOKUP($A$2&$A10&T$4,'Bảng giá chi tiết'!$C:$J,8,0),"") | U10: 02
A11: 03 | B11: =IFERROR(VLOOKUP($A$2&$A11&B$4,'Bảng giá chi tiết'!$C:$J,8,0),"") | C11: =IFERROR(VLOOKUP($A$2&$A11&C$4,'Bảng giá chi tiết'!$C:$J,8,0),"") | D11: =IFERROR(VLOOKUP($A$2&$A11&D$4,'Bảng giá chi tiết'!$C:$J,8,0),"") | E11: =IFERROR(VLOOKUP($A$2&$A11&E$4,'Bảng giá chi tiết'!$C:$J,8,0),"") | F11: =IFERROR(VLOOKUP($A$2&$A11&F$4,'Bảng giá chi tiết'!$C:$J,8,0),"") | G11: =IFERROR(VLOOKUP($A$2&$A11&G$4,'Bảng giá chi tiết'!$C:$J,8,0),"") | H11: =IFERROR(VLOOKUP($A$2&$A11&H$4,'Bảng giá chi tiết'!$C:$J,8,0),"") | I11: =IFERROR(VLOOKUP($A$2&$A11&I$4,'Bảng giá chi tiết'!$C:$J,8,0),"") | ... T11: =IFERROR(VLOOKUP($A$2&$A11&T$4,'Bảng giá chi tiết'!$C:$J,8,0),"") | U11: 03
A12: 04 | B12: =IFERROR(VLOOKUP($A$2&$A12&B$4,'Bảng giá chi tiết'!$C:$J,8,0),"") | C12: =IFERROR(VLOOKUP($A$2&$A12&C$4,'Bảng giá chi tiết'!$C:$J,8,0),"") | D12: =IFERROR(VLOOKUP($A$2&$A12&D$4,'Bảng giá chi tiết'!$C:$J,8,0),"") | E12: =IFERROR(VLOOKUP($A$2&$A12&E$4,'Bảng giá chi tiết'!$C:$J,8,0),"") | F12: =IFERROR(VLOOKUP($A$2&$A12&F$4,'Bảng giá chi tiết'!$C:$J,8,0),"") | G12: =IFERROR(VLOOKUP($A$2&$A12&G$4,'Bảng giá chi tiết'!$C:$J,8,0),"") | H12: =IFERROR(VLOOKUP($A$2&$A12&H$4,'Bảng giá chi tiết'!$C:$J,8,0),"") | I12: =IFERROR(VLOOKUP($A$2&$A12&I$4,'Bảng giá chi tiết'!$C:$J,8,0),"") | ... T12: =IFERROR(VLOOKUP($A$2&$A12&T$4,'Bảng giá chi tiết'!$C:$J,8,0),"") | U12: 04
A13: 05 | B13: =IFERROR(VLOOKUP($A$2&$A13&B$4,'Bảng giá chi tiết'!$C:$J,8,0),"") | C13: =IFERROR(VLOOKUP($A$2&$A13&C$4,'Bảng giá chi tiết'!$C:$J,8,0),"") | D13: =IFERROR(VLOOKUP($A$2&$A13&D$4,'Bảng giá chi tiết'!$C:$J,8,0),"") | E13: =IFERROR(VLOOKUP($A$2&$A13&E$4,'Bảng giá chi tiết'!$C:$J,8,0),"") | F13: =IFERROR(VLOOKUP($A$2&$A13&F$4,'Bảng giá chi tiết'!$C:$J,8,0),"") | G13: =IFERROR(VLOOKUP($A$2&$A13&G$4,'Bảng giá chi tiết'!$C:$J,8,0),"") | H13: =IFERROR(VLOOKUP($A$2&$A13&H$4,'Bảng giá chi tiết'!$C:$J,8,0),"") | I13: =IFERROR(VLOOKUP($A$2&$A13&I$4,'Bảng giá chi tiết'!$C:$J,8,0),"") -> 4013? | ... T13: =IFERROR(VLOOKUP($A$2&$A13&T$4,'Bảng giá chi tiết'!$C:$J,8,0),"") | U13: 05
A14: 06 | B14: =IFERROR(VLOOKUP($A$2&$A14&B$4,'Bảng giá chi tiết'!$C:$J,8,0),"") | C14: =IFERROR(VLOOKUP($A$2&$A14&C$4,'Bảng giá chi tiết'!$C:$J,8,0),"") | D14: =IFERROR(VLOOKUP($A$2&$A14&D$4,'Bảng giá chi tiết'!$C:$J,8,0),"") | E14: =IFERROR(VLOOKUP($A$2&$A14&E$4,'Bảng giá chi tiết'!$C:$J,8,0),"") | F14: =IFERROR(VLOOKUP($A$2&$A14&F$4,'Bảng giá chi tiết'!$C:$J,8,0),"") | G14: =IFERROR(VLOOKUP($A$2&$A14&G$4,'Bảng giá chi tiết'!$C:$J,8,0),"") | H14: =IFERROR(VLOOKUP($A$2&$A14&H$4,'Bảng giá chi tiết'!$C:$J,8,0),"") -> 0? | I14: =IFERROR(VLOOKUP($A$2&$A14&I$4,'Bảng giá chi tiết'!$C:$J,8,0),"") | ... T14: =IFERROR(VLOOKUP($A$2&$A14&T$4,'Bảng giá chi tiết'!$C:$J,8,0),"") | U14: 06
A15: 07 | B15: =IFERROR(VLOOKUP($A$2&$A15&B$4,'Bảng giá chi tiết'!$C:$J,8,0),"") | C15: =IFERROR(VLOOKUP($A$2&$A15&C$4,'Bảng giá chi tiết'!$C:$J,8,0),"") | D15: =IFERROR(VLOOKUP($A$2&$A15&D$4,'Bảng giá chi tiết'!$C:$J,8,0),"") | E15: =IFERROR(VLOOKUP($A$2&$A15&E$4,'Bảng giá chi tiết'!$C:$J,8,0),"") | F15: =IFERROR(VLOOKUP($A$2&$A15&F$4,'Bảng giá chi tiết'!$C:$J,8,0),"") | G15: =IFERROR(VLOOKUP($A$2&$A15&G$4,'Bảng giá chi tiết'!$C:$J,8,0),"") -> 0? | H15: =IFERROR(VLOOKUP($A$2&$A15&H$4,'Bảng giá chi tiết'!$C:$J,8,0),"") -> 0? | I15: =IFERROR(VLOOKUP($A$2&$A15&I$4,'Bảng giá chi tiết'!$C:$J,8,0),"") -> 0? | ... T15: =IFERROR(VLOOKUP($A$2&$A15&T$4,'Bảng giá chi tiết'!$C:$J,8,0),"") | U15: 07
A16: 08 | B16: =IFERROR(VLOOKUP($A$2&$A16&B$4,'Bảng giá chi tiết'!$C:$J,8,0),"") | C16: =IFERROR(VLOOKUP($A$2&$A16&C$4,'Bảng giá chi tiết'!$C:$J,8,0),"") | D16: =IFERROR(VLOOKUP($A$2&$A16&D$4,'Bảng giá chi tiết'!$C:$J,8,0),"") | E16: =IFERROR(VLOOKUP($A$2&$A16&E$4,'Bảng giá chi tiết'!$C:$J,8,0),"") | F16: =IFERROR(VLOOKUP($A$2&$A16&F$4,'Bảng giá chi tiết'!$C:$J,8,0),"") | G16: =IFERROR(VLOOKUP($A$2&$A16&G$4,'Bảng giá chi tiết'!$C:$J,8,0),"") -> 0? | H16: =IFERROR(VLOOKUP($A$2&$A16&H$4,'Bảng giá chi tiết'!$C:$J,8,0),"") | I16: =IFERROR(VLOOKUP($A$2&$A16&I$4,'Bảng giá chi tiết'!$C:$J,8,0),"") -> 0? | ... T16: =IFERROR(VLOOKUP($A$2&$A16&T$4,'Bảng giá chi tiết'!$C:$J,8,0),"") | U16: 08
A17: 09 | B17: =IFERROR(VLOOKUP($A$2&$A17&B$4,'Bảng giá chi tiết'!$C:$J,8,0),"") | C17: =IFERROR(VLOOKUP($A$2&$A17&C$4,'Bảng giá chi tiết'!$C:$J,8,0),"") | D17: =IFERROR(VLOOKUP($A$2&$A17&D$4,'Bảng giá chi tiết'!$C:$J,8,0),"") | E17: =IFERROR(VLOOKUP($A$2&$A17&E$4,'Bảng giá chi tiết'!$C:$J,8,0),"") | F17: =IFERROR(VLOOKUP($A$2&$A17&F$4,'Bảng giá chi tiết'!$C:$J,8,0),"") | G17: =IFERROR(VLOOKUP($A$2&$A17&G$4,'Bảng giá chi tiết'!$C:$J,8,0),"") | H17: =IFERROR(VLOOKUP($A$2&$A17&H$4,'Bảng giá chi tiết'!$C:$J,8,0),"") | I17: =IFERROR(VLOOKUP($A$2&$A17&I$4,'Bảng giá chi tiết'!$C:$J,8,0),"") | ... T17: =IFERROR(VLOOKUP($A$2&$A17&T$4,'Bảng giá chi tiết'!$C:$J,8,0),"") | U17: 09
A18: 10 | B18: =IFERROR(VLOOKUP($A$2&$A18&B$4,'Bảng giá chi tiết'!$C:$J,8,0),"") | C18: =IFERROR(VLOOKUP($A$2&$A18&C$4,'Bảng giá chi tiết'!$C:$J,8,0),"") | D18: =IFERROR(VLOOKUP($A$2&$A18&D$4,'Bảng giá chi tiết'!$C:$J,8,0),"") | E18: =IFERROR(VLOOKUP($A$2&$A18&E$4,'Bảng giá chi tiết'!$C:$J,8,0),"") | F18: =IFERROR(VLOOKUP($A$2&$A18&F$4,'Bảng giá chi tiết'!$C:$J,8,0),"") | G18: =IFERROR(VLOOKUP($A$2&$A18&G$4,'Bảng giá chi tiết'!$C:$J,8,0),"") | H18: =IFERROR(VLOOKUP($A$2&$A18&H$4,'Bảng giá chi tiết'!$C:$J,8,0),"") | I18: =IFERROR(VLOOKUP($A$2&$A18&I$4,'Bảng giá chi tiết'!$C:$J,8,0),"") | ... T18: =IFERROR(VLOOKUP($A$2&$A18&T$4,'Bảng giá chi tiết'!$C:$J,8,0),"") | U18: 10
A19: 11 | B19: =IFERROR(VLOOKUP($A$2&$A19&B$4,'Bảng giá chi tiết'!$C:$J,8,0),"") | C19: =IFERROR(VLOOKUP($A$2&$A19&C$4,'Bảng giá chi tiết'!$C:$J,8,0),"") | D19: =IFERROR(VLOOKUP($A$2&$A19&D$4,'Bảng giá chi tiết'!$C:$J,8,0),"") | E19: =IFERROR(VLOOKUP($A$2&$A19&E$4,'Bảng giá chi tiết'!$C:$J,8,0),"") | F19: =IFERROR(VLOOKUP($A$2&$A19&F$4,'Bảng giá chi tiết'!$C:$J,8,0),"") | G19: =IFERROR(VLOOKUP($A$2&$A19&G$4,'Bảng giá chi tiết'!$C:$J,8,0),"") -> 6407? | H19: =IFERROR(VLOOKUP($A$2&$A19&H$4,'Bảng giá chi tiết'!$C:$J,8,0),"") | I19: =IFERROR(VLOOKUP($A$2&$A19&I$4,'Bảng giá chi tiết'!$C:$J,8,0),"") -> 4392? | ... T19: =IFERROR(VLOOKUP($A$2&$A19&T$4,'Bảng giá chi tiết'!$C:$J,8,0),"") | U19: 11
A20: 12 | B20: =IFERROR(VLOOKUP($A$2&$A20&B$4,'Bảng giá chi tiết'!$C:$J,8,0),"") | C20: =IFERROR(VLOOKUP($A$2&$A20&C$4,'Bảng giá chi tiết'!$C:$J,8,0),"") | D20: =IFERROR(VLOOKUP($A$2&$A20&D$4,'Bảng giá chi tiết'!$C:$J,8,0),"") | E20: =IFERROR(VLOOKUP($A$2&$A20&E$4,'Bảng giá chi tiết'!$C:$J,8,0),"") | F20: =IFERROR(VLOOKUP($A$2&$A20&F$4,'Bảng giá chi tiết'!$C:$J,8,0),"") -> 0? | G20: =IFERROR(VLOOKUP($A$2&$A20&G$4,'Bảng giá chi tiết'!$C:$J,8,0),"") -> 0? | H20: =IFERROR(VLOOKUP($A$2&$A20&H$4,'Bảng giá chi tiết'!$C:$J,8,0),"") | I20: =IFERROR(VLOOKUP($A$2&$A20&I$4,'Bảng giá chi tiết'!$C:$J,8,0),"") | ... T20: =IFERROR(VLOOKUP($A$2&$A20&T$4,'Bảng giá chi tiết'!$C:$J,8,0),"") | U20: 12
... A27: 19 | B27: =IFERROR(VLOOKUP($A$2&$A27&B$4,'Bảng giá chi tiết'!$C:$J,8,0),"") | C27: =IFERROR(VLOOKUP($A$2&$A27&C$4,'Bảng giá chi tiết'!$C:$J,8,0),"") | D27: =IFERROR(VLOOKUP($A$2&$A27&D$4,'Bảng giá chi tiết'!$C:$J,8,0),"") | E27: =IFERROR(VLOOKUP($A$2&$A27&E$4,'Bảng giá chi tiết'!$C:$J,8,0),"") | F27: =IFERROR(VLOOKUP($A$2&$A27&F$4,'Bảng giá chi tiết'!$C:$J,8,0),"") | G27: =IFERROR(VLOOKUP($A$2&$A27&G$4,'Bảng giá chi tiết'!$C:$J,8,0),"") | H27: =IFERROR(VLOOKUP($A$2&$A27&H$4,'Bảng giá chi tiết'!$C:$J,8,0),"") | I27: =IFERROR(VLOOKUP($A$2&$A27&I$4,'Bảng giá chi tiết'!$C:$J,8,0),"") | ... T27: =IFERROR(VLOOKUP($A$2&$A27&T$4,'Bảng giá chi tiết'!$C:$J,8,0),"") | U27: 19
A28: 20 | B28: =IFERROR(VLOOKUP($A$2&$A28&B$4,'Bảng giá chi tiết'!$C:$J,8,0),"") | C28: =IFERROR(VLOOKUP($A$2&$A28&C$4,'Bảng giá chi tiết'!$C:$J,8,0),"") | D28: =IFERROR(VLOOKUP($A$2&$A28&D$4,'Bảng giá chi tiết'!$C:$J,8,0),"") | E28: =IFERROR(VLOOKUP($A$2&$A28&E$4,'Bảng giá chi tiết'!$C:$J,8,0),"") | F28: =IFERROR(VLOOKUP($A$2&$A28&F$4,'Bảng giá chi tiết'!$C:$J,8,0),"") | G28: =IFERROR(VLOOKUP($A$2&$A28&G$4,'Bảng giá chi tiết'!$C:$J,8,0),"") -> 0? | H28: =IFERROR(VLOOKUP($A$2&$A28&H$4,'Bảng giá chi tiết'!$C:$J,8,0),"") | I28: =IFERROR(VLOOKUP($A$2&$A28&I$4,'Bảng giá chi tiết'!$C:$J,8,0),"") | ... T28: =IFERROR(VLOOKUP($A$2&$A28&T$4,'Bảng giá chi tiết'!$C:$J,8,0),"") | U28: 20
A29: 21 | B29: =IFERROR(VLOOKUP($A$2&$A29&B$4,'Bảng giá chi tiết'!$C:$J,8,0),"") | C29: =IFERROR(VLOOKUP($A$2&$A29&C$4,'Bảng giá chi tiết'!$C:$J,8,0),"") | D29: =IFERROR(VLOOKUP($A$2&$A29&D$4,'Bảng giá chi tiết'!$C:$J,8,0),"") -> 0? | E29: =IFERROR(VLOOKUP($A$2&$A29&E$4,'Bảng giá chi tiết'!$C:$J,8,0),"") | F29: =IFERROR(VLOOKUP($A$2&$A29&F$4,'Bảng giá chi tiết'!$C:$J,8,0),"") | G29: =IFERROR(VLOOKUP($A$2&$A29&G$4,'Bảng giá chi tiết'!$C:$J,8,0),"") -> 0? | H29: =IFERROR(VLOOKUP($A$2&$A29&H$4,'Bảng giá chi tiết'!$C:$J,8,0),"") | I29: =IFERROR(VLOOKUP($A$2&$A29&I$4,'Bảng giá chi tiết'!$C:$J,8,0),"") -> 0? | ... T29: =IFERROR(VLOOKUP($A$2&$A29&T$4,'Bảng giá chi tiết'!$C:$J,8,0),"") | U29: 21
A30: 22 | B30: =IFERROR(VLOOKUP($A$2&$A30&B$4,'Bảng giá chi tiết'!$C:$J,8,0),"") | C30: =IFERROR(VLOOKUP($A$2&$A30&C$4,'Bảng giá chi tiết'!$C:$J,8,0),"") | D30: =IFERROR(VLOOKUP($A$2&$A30&D$4,'Bảng giá chi tiết'!$C:$J,8,0),"") | E30: =IFERROR(VLOOKUP($A$2&$A30&E$4,'Bảng giá chi tiết'!$C:$J,8,0),"") | F30: =IFERROR(VLOOKUP($A$2&$A30&F$4,'Bảng giá chi tiết'!$C:$J,8,0),"") | G30: =IFERROR(VLOOKUP($A$2&$A30&G$4,'Bảng giá chi tiết'!$C:$J,8,0),"") | H30: =IFERROR(VLOOKUP($A$2&$A30&H$4,'Bảng giá chi tiết'!$C:$J,8,0),"") | I30: =IFERROR(VLOOKUP($A$2&$A30&I$4,'Bảng giá chi tiết'!$C:$J,8,0),"") | ... T30: =IFERROR(VLOOKUP($A$2&$A30&T$4,'Bảng giá chi tiết'!$C:$J,8,0),"") | U30: 22
A31: 23 | B31: =IFERROR(VLOOKUP($A$2&$A31&B$4,'Bảng giá chi tiết'!$C:$J,8,0),"") | C31: =IFERROR(VLOOKUP($A$2&$A31&C$4,'Bảng giá chi tiết'!$C:$J,8,0),"") | D31: =IFERROR(VLOOKUP($A$2&$A31&D$4,'Bảng giá chi tiết'!$C:$J,8,0),"") | E31: =IFERROR(VLOOKUP($A$2&$A31&E$4,'Bảng giá chi tiết'!$C:$J,8,0),"") | F31: =IFERROR(VLOOKUP($A$2&$A31&F$4,'Bảng giá chi tiết'!$C:$J,8,0),"") | G31: =IFERROR(VLOOKUP($A$2&$A31&G$4,'Bảng giá chi tiết'!$C:$J,8,0),"") -> 0? | H31: =IFERROR(VLOOKUP($A$2&$A31&H$4,'Bảng giá chi tiết'!$C:$J,8,0),"") | I31: =IFERROR(VLOOKUP($A$2&$A31&I$4,'Bảng giá chi tiết'!$C:$J,8,0),"") | ... T31: =IFERROR(VLOOKUP($A$2&$A31&T$4,'Bảng giá chi tiết'!$C:$J,8,0),"") | U31: 23
A32: 24 | B32: =IFERROR(VLOOKUP($A$2&$A32&B$4,'Bảng giá chi tiết'!$C:$J,8,0),"") | C32: =IFERROR(VLOOKUP($A$2&$A32&C$4,'Bảng giá chi tiết'!$C:$J,8,0),"") | D32: =IFERROR(VLOOKUP($A$2&$A32&D$4,'Bảng giá chi tiết'!$C:$J,8,0),"") | E32: =IFERROR(VLOOKUP($A$2&$A32&E$4,'Bảng giá chi tiết'!$C:$J,8,0),"") -> 0? | F32: =IFERROR(VLOOKUP($A$2&$A32&F$4,'Bảng giá chi tiết'!$C:$J,8,0),"") -> 0? | G32: =IFERROR(VLOOKUP($A$2&$A32&G$4,'Bảng giá chi tiết'!$C:$J,8,0),"") -> 0? | H32: =IFERROR(VLOOKUP($A$2&$A32&H$4,'Bảng giá chi tiết'!$C:$J,8,0),"") | I32: =IFERROR(VLOOKUP($A$2&$A32&I$4,'Bảng giá chi tiết'!$C:$J,8,0),"") | ... T32: =IFERROR(VLOOKUP($A$2&$A32&T$4,'Bảng giá chi tiết'!$C:$J,8,0),"") | U32: 24
A33: TẦNG/CĂN | B33: 01 | C33: 02 | D33: 03 | E33: 05A | G33: 05 | I33: 06 | J33: 08A | K33: 08 | L33: 09 | M33: 10 | N33: 11 | O33: 12 | P33: 12A | Q33: 15A | S33: 15 | T33: 16 | U33: TẦNG/CĂN
A34: Loại căn | B34: DUPLEX | C34: 1 BR | D34: 2 BR | E34: DUPLEX | G34: 3 BR | I34: 1 BR+ | J34: 2 BR | K34: 2 BR+ | L34: 1 BR+ | M34: 2 BR | N34: 1 BR | O34: Studio | P34: 2 BR+ | Q34: DUPLEX | S34: 1 BR+ | T34: 2 BR | U34: Loại căn
A35: DT TT | B35: 100,4 | C35: 39,3 | D35: 58 | E35: 112 | G35: 106,3 | I35: 45,5 | J35: 58,8 | K35: 65,8 | L35: 45,5 | M35: 58,4 | N35: 41,8 | O35: 28,8 | P35: 65,6 | Q35: 99,4 | S35: 45,6 | T35: 59,5 | U35: DT TT
A36: 25 | B36: =IFERROR(VLOOKUP($A$2&$A36&B$4,'Bảng giá chi tiết'!$C:$J,8,0),"") | C36: =IFERROR(VLOOKUP($A$2&$A36&C$4,'Bảng giá chi tiết'!$C:$J,8,0),"") | D36: =IFERROR(VLOOKUP($A$2&$A36&D$4,'Bảng giá chi tiết'!$C:$J,8,0),"") | E36: =IFERROR(VLOOKUP($A$2&$A36&E$4,'Bảng giá chi tiết'!$C:$J,8,0),"") | F36: =IFERROR(VLOOKUP($A$2&$A36&F$4,'Bảng giá chi tiết'!$C:$J,8,0),"") | G36: =IFERROR(VLOOKUP($A$2&$A36&G$4,'Bảng giá chi tiết'!$C:$J,8,0),"") -> 6512? | H36: =IFERROR(VLOOKUP($A$2&$A36&H$4,'Bảng giá chi tiết'!$C:$J,8,0),"") | I36: =IFERROR(VLOOKUP($A$2&$A36&I$4,'Bảng giá chi tiết'!$C:$J,8,0),"") | ... T36: =IFERROR(VLOOKUP($A$2&$A36&T$4,'Bảng giá chi tiết'!$C:$J,8,0),"") | U36: 25
A37: TẦNG/CĂN | C37: 01 | G37: 02 | I37: 03 | J37: 05A | S37: 05 | T37: 06 | U37: TẦNG/CĂN
A38: Loại căn | B38: DUPLEX | C38: 3 BR | E38: DUPLEX | G38: 3 BR | I38: 1 BR+ | J38: 2 BR | Q38: DUPLEX | S38: 1 BR+ | T38: 2 BR | U38: Loại căn
A39: DT TT | B39: 80,9 | C39: 98,9 | E39: 84,1 | G39: 106,3 | I39: 45,5 | J39: 58,8 | Q39: 69,8 | S39: 45,6 | T39: 59,5 | U39: DT TT
A40: 26 | B40: =IFERROR(__xludf.DUMMYFUNCTION("ARRAYFORMULA( IF( IMPORTRANGE(""1Eot2b28R3MqVuoQdclpaU-BSV2lEsjsopqYknLqiKPg"", ""C2 - CT!B40:T40"")<>"""", HYPERLINK( REGEXEXTRACT(IMPORTRANGE(""1Eot2b28R3MqVuoQdclpaU-BSV2lEsjsopqYknLqiKPg"", ""C2 - CT!B40:T40""), ""\n(.+"&")""), REGEXEXTRACT(IMPORTRANGE(""1Eot2b28R3MqVuoQdclpaU-BSV2lEsjsopqYknLqiKPg"", ""C2 - CT!B40:T40""), ""^(.+)\n"")), """" ) )"),"#REF!") -> #REF! | U40: 26
A41: TẦNG/CĂN | C41: 01 | F41: 02 | Q41: 03 | U41: TẦNG/CĂN
A42: Loại căn | C42: PENHOUSE | F42: PENHOUSE | Q42: PENHOUSE | U42: Loại căn
A43: DT TT | C43: 191,4 | F43: 192,3 | Q43: 187,9 | U43: DT TT
A44: 27 | U44: 27

Sheet C3-CT
D1: CẬP NHẬT BẢNG HÀNG TÒA C3 - PHÂN KHU CENTRAL SQUARE
A2: C2Z3- | D2: Ngày cập nhật: | G2: =TODAY() -> 46212 | L2: Quỹ chung | N2: Độc quyền ( , ) | P2: Đã bán | R2: Quỹ chéo ( ? )
A4: TẦNG/CĂN | B4: -01 | C4: -02 | D4: -03 | E4: -05A | F4: -05 | G4: -06 | H4: -08A | I4: -08 | J4: -09 | K4: -10 | L4: -11 | M4: -12 | N4: -12A | O4: -15A | P4: -15 | Q4: -16 | R4: -18A | S4: -18 | T4: -19 | U4: TẦNG/CĂN
A5: Loại căn | B5: 1 BR + 1MR | C5: 1 BR+ | D5: Studio | E5: 2 BR+ | F5: 2 BR+ | G5: 1 BR+ | H5: 1 BR | I5: 1 BR + 1MR | J5: 2BR + 1MR | K5: 1 BR + 1MR | L5: 1 BR+ | M5: 2BR + 1MR | N5: 2 BR+ | O5: Studio | P5: 1 BR | Q5: 1 BR+ | R5: 1 BR+ | S5: Studio | T5: 1 BR + 1MR | U5: Loại căn
A6: DT TT | B6: 59,5 | C6: 45,8 | D6: 29,4 | E6: 65,2 | F6: 65,2 | G6: 45,5 | H6: 38,6 | I6: 61,6 | J6: 103 | K6: 60,3 | L6: 46,8 | M6: 100,1 | N6: 65,5 | O6: 30,7 | P6: 40,8 | Q6: 45,7 | R6: 45,7 | S6: 30 | T6: 59,8 | U6: DT TT
A7: Hướng ban công | B7: TN | C7: TN | D7: TN | E7: TN - TB | F7: TB - ĐB | G7: ĐB | H7: ĐB | I7: ĐB | J7: ĐB - ĐN | K7: ĐB | L7: ĐB | M7: ĐB - ĐN | N7: ĐN - TN | O7: TN | P7: TN | Q7: TN | R7: TN | S7: TN | T7: TN - TB | U7: Hướng ban công
A8: View | B8: View Nội khu - Công viên | G8: View Biệt thự thấp tầng, đường lớn | R8: View Nội khu - Công viên | U8: View
A9: 01 | B9: =IFERROR(VLOOKUP($A$2&$A9&B$4,'Bảng giá chi tiết'!$C:$J,8,0),"") | C9: =IFERROR(VLOOKUP($A$2&$A9&C$4,'Bảng giá chi tiết'!$C:$J,8,0),"") | D9: =IFERROR(VLOOKUP($A$2&$A9&D$4,'Bảng giá chi tiết'!$C:$J,8,0),"") | E9: =IFERROR(VLOOKUP($A$2&$A9&E$4,'Bảng giá chi tiết'!$C:$J,8,0),"") | F9: =IFERROR(VLOOKUP($A$2&$A9&F$4,'Bảng giá chi tiết'!$C:$J,8,0),"") | G9: =IFERROR(VLOOKUP($A$2&$A9&G$4,'Bảng giá chi tiết'!$C:$J,8,0),"") | H9: =IFERROR(VLOOKUP($A$2&$A9&H$4,'Bảng giá chi tiết'!$C:$J,8,0),"") | I9: =IFERROR(VLOOKUP($A$2&$A9&I$4,'Bảng giá chi tiết'!$C:$J,8,0),"") | ... T9: =IFERROR(VLOOKUP($A$2&$A9&T$4,'Bảng giá chi tiết'!$C:$J,8,0),"") | U9: 01
A10: 02 | B10: =IFERROR(VLOOKUP($A$2&$A10&B$4,'Bảng giá chi tiết'!$C:$J,8,0),"") | C10: =IFERROR(VLOOKUP($A$2&$A10&C$4,'Bảng giá chi tiết'!$C:$J,8,0),"") | D10: =IFERROR(VLOOKUP($A$2&$A10&D$4,'Bảng giá chi tiết'!$C:$J,8,0),"") | E10: =IFERROR(VLOOKUP($A$2&$A10&E$4,'Bảng giá chi tiết'!$C:$J,8,0),"") | F10: =IFERROR(VLOOKUP($A$2&$A10&F$4,'Bảng giá chi tiết'!$C:$J,8,0),"") | G10: =IFERROR(VLOOKUP($A$2&$A10&G$4,'Bảng giá chi tiết'!$C:$J,8,0),"") | H10: =IFERROR(VLOOKUP($A$2&$A10&H$4,'Bảng giá chi tiết'!$C:$J,8,0),"") | I10: =IFERROR(VLOOKUP($A$2&$A10&I$4,'Bảng giá chi tiết'!$C:$J,8,0),"") | ... T10: =IFERROR(VLOOKUP($A$2&$A10&T$4,'Bảng giá chi tiết'!$C:$J,8,0),"") | U10: 02
A11: 03 | B11: =IFERROR(VLOOKUP($A$2&$A11&B$4,'Bảng giá chi tiết'!$C:$J,8,0),"") | C11: =IFERROR(VLOOKUP($A$2&$A11&C$4,'Bảng giá chi tiết'!$C:$J,8,0),"") | D11: =IFERROR(VLOOKUP($A$2&$A11&D$4,'Bảng giá chi tiết'!$C:$J,8,0),"") | E11: =IFERROR(VLOOKUP($A$2&$A11&E$4,'Bảng giá chi tiết'!$C:$J,8,0),"") | F11: =IFERROR(VLOOKUP($A$2&$A11&F$4,'Bảng giá chi tiết'!$C:$J,8,0),"") | G11: =IFERROR(VLOOKUP($A$2&$A11&G$4,'Bảng giá chi tiết'!$C:$J,8,0),"") | H11: =IFERROR(VLOOKUP($A$2&$A11&H$4,'Bảng giá chi tiết'!$C:$J,8,0),"") | I11: =IFERROR(VLOOKUP($A$2&$A11&I$4,'Bảng giá chi tiết'!$C:$J,8,0),"") | ... T11: =IFERROR(VLOOKUP($A$2&$A11&T$4,'Bảng giá chi tiết'!$C:$J,8,0),"") | U11: 03
A12: 04 | B12: =IFERROR(VLOOKUP($A$2&$A12&B$4,'Bảng giá chi tiết'!$C:$J,8,0),"") | C12: =IFERROR(VLOOKUP($A$2&$A12&C$4,'Bảng giá chi tiết'!$C:$J,8,0),"") | D12: =IFERROR(VLOOKUP($A$2&$A12&D$4,'Bảng giá chi tiết'!$C:$J,8,0),"") | E12: =IFERROR(VLOOKUP($A$2&$A12&E$4,'Bảng giá chi tiết'!$C:$J,8,0),"") | F12: =IFERROR(VLOOKUP($A$2&$A12&F$4,'Bảng giá chi tiết'!$C:$J,8,0),"") | G12: =IFERROR(VLOOKUP($A$2&$A12&G$4,'Bảng giá chi tiết'!$C:$J,8,0),"") | H12: =IFERROR(VLOOKUP($A$2&$A12&H$4,'Bảng giá chi tiết'!$C:$J,8,0),"") | I12: =IFERROR(VLOOKUP($A$2&$A12&I$4,'Bảng giá chi tiết'!$C:$J,8,0),"") | ... T12: =IFERROR(VLOOKUP($A$2&$A12&T$4,'Bảng giá chi tiết'!$C:$J,8,0),"") | U12: 04
A13: 05 | B13: =IFERROR(VLOOKUP($A$2&$A13&B$4,'Bảng giá chi tiết'!$C:$J,8,0),"") | C13: =IFERROR(VLOOKUP($A$2&$A13&C$4,'Bảng giá chi tiết'!$C:$J,8,0),"") | D13: =IFERROR(VLOOKUP($A$2&$A13&D$4,'Bảng giá chi tiết'!$C:$J,8,0),"") | E13: =IFERROR(VLOOKUP($A$2&$A13&E$4,'Bảng giá chi tiết'!$C:$J,8,0),"") | F13: =IFERROR(VLOOKUP($A$2&$A13&F$4,'Bảng giá chi tiết'!$C:$J,8,0),"") | G13: =IFERROR(VLOOKUP($A$2&$A13&G$4,'Bảng giá chi tiết'!$C:$J,8,0),"") | H13: =IFERROR(VLOOKUP($A$2&$A13&H$4,'Bảng giá chi tiết'!$C:$J,8,0),"") | I13: =IFERROR(VLOOKUP($A$2&$A13&I$4,'Bảng giá chi tiết'!$C:$J,8,0),"") | ... T13: =IFERROR(VLOOKUP($A$2&$A13&T$4,'Bảng giá chi tiết'!$C:$J,8,0),"") | U13: 05
A14: 06 | B14: =IFERROR(VLOOKUP($A$2&$A14&B$4,'Bảng giá chi tiết'!$C:$J,8,0),"") | C14: =IFERROR(VLOOKUP($A$2&$A14&C$4,'Bảng giá chi tiết'!$C:$J,8,0),"") | D14: =IFERROR(VLOOKUP($A$2&$A14&D$4,'Bảng giá chi tiết'!$C:$J,8,0),"") | E14: =IFERROR(VLOOKUP($A$2&$A14&E$4,'Bảng giá chi tiết'!$C:$J,8,0),"") | F14: =IFERROR(VLOOKUP($A$2&$A14&F$4,'Bảng giá chi tiết'!$C:$J,8,0),"") | G14: =IFERROR(VLOOKUP($A$2&$A14&G$4,'Bảng giá chi tiết'!$C:$J,8,0),"") | H14: =IFERROR(VLOOKUP($A$2&$A14&H$4,'Bảng giá chi tiết'!$C:$J,8,0),"") | I14: =IFERROR(VLOOKUP($A$2&$A14&I$4,'Bảng giá chi tiết'!$C:$J,8,0),"") | ... T14: =IFERROR(VLOOKUP($A$2&$A14&T$4,'Bảng giá chi tiết'!$C:$J,8,0),"") | U14: 06
A15: 07 | B15: =IFERROR(VLOOKUP($A$2&$A15&B$4,'Bảng giá chi tiết'!$C:$J,8,0),"") | C15: =IFERROR(VLOOKUP($A$2&$A15&C$4,'Bảng giá chi tiết'!$C:$J,8,0),"") | D15: =IFERROR(VLOOKUP($A$2&$A15&D$4,'Bảng giá chi tiết'!$C:$J,8,0),"") | E15: =IFERROR(VLOOKUP($A$2&$A15&E$4,'Bảng giá chi tiết'!$C:$J,8,0),"") | F15: =IFERROR(VLOOKUP($A$2&$A15&F$4,'Bảng giá chi tiết'!$C:$J,8,0),"") | G15: =IFERROR(VLOOKUP($A$2&$A15&G$4,'Bảng giá chi tiết'!$C:$J,8,0),"") | H15: =IFERROR(VLOOKUP($A$2&$A15&H$4,'Bảng giá chi tiết'!$C:$J,8,0),"") | I15: =IFERROR(VLOOKUP($A$2&$A15&I$4,'Bảng giá chi tiết'!$C:$J,8,0),"") | ... T15: =IFERROR(VLOOKUP($A$2&$A15&T$4,'Bảng giá chi tiết'!$C:$J,8,0),"") | U15: 07
A16: 08 | B16: =IFERROR(VLOOKUP($A$2&$A16&B$4,'Bảng giá chi tiết'!$C:$J,8,0),"") | C16: =IFERROR(VLOOKUP($A$2&$A16&C$4,'Bảng giá chi tiết'!$C:$J,8,0),"") | D16: =IFERROR(VLOOKUP($A$2&$A16&D$4,'Bảng giá chi tiết'!$C:$J,8,0),"") | E16: =IFERROR(VLOOKUP($A$2&$A16&E$4,'Bảng giá chi tiết'!$C:$J,8,0),"") | F16: =IFERROR(VLOOKUP($A$2&$A16&F$4,'Bảng giá chi tiết'!$C:$J,8,0),"") | G16: =IFERROR(VLOOKUP($A$2&$A16&G$4,'Bảng giá chi tiết'!$C:$J,8,0),"") | H16: =IFERROR(VLOOKUP($A$2&$A16&H$4,'Bảng giá chi tiết'!$C:$J,8,0),"") | I16: =IFERROR(VLOOKUP($A$2&$A16&I$4,'Bảng giá chi tiết'!$C:$J,8,0),"") | ... T16: =IFERROR(VLOOKUP($A$2&$A16&T$4,'Bảng giá chi tiết'!$C:$J,8,0),"") | U16: 08
A17: 09 | B17: =IFERROR(VLOOKUP($A$2&$A17&B$4,'Bảng giá chi tiết'!$C:$J,8,0),"") | C17: =IFERROR(VLOOKUP($A$2&$A17&C$4,'Bảng giá chi tiết'!$C:$J,8,0),"") | D17: =IFERROR(VLOOKUP($A$2&$A17&D$4,'Bảng giá chi tiết'!$C:$J,8,0),"") | E17: =IFERROR(VLOOKUP($A$2&$A17&E$4,'Bảng giá chi tiết'!$C:$J,8,0),"") | F17: =IFERROR(VLOOKUP($A$2&$A17&F$4,'Bảng giá chi tiết'!$C:$J,8,0),"") | G17: =IFERROR(VLOOKUP($A$2&$A17&G$4,'Bảng giá chi tiết'!$C:$J,8,0),"") | H17: =IFERROR(VLOOKUP($A$2&$A17&H$4,'Bảng giá chi tiết'!$C:$J,8,0),"") | I17: =IFERROR(VLOOKUP($A$2&$A17&I$4,'Bảng giá chi tiết'!$C:$J,8,0),"") | ... T17: =IFERROR(VLOOKUP($A$2&$A17&T$4,'Bảng giá chi tiết'!$C:$J,8,0),"") | U17: 09
A18: 10 | B18: =IFERROR(VLOOKUP($A$2&$A18&B$4,'Bảng giá chi tiết'!$C:$J,8,0),"") | C18: =IFERROR(VLOOKUP($A$2&$A18&C$4,'Bảng giá chi tiết'!$C:$J,8,0),"") | D18: =IFERROR(VLOOKUP($A$2&$A18&D$4,'Bảng giá chi tiết'!$C:$J,8,0),"") | E18: =IFERROR(VLOOKUP($A$2&$A18&E$4,'Bảng giá chi tiết'!$C:$J,8,0),"") | F18: =IFERROR(VLOOKUP($A$2&$A18&F$4,'Bảng giá chi tiết'!$C:$J,8,0),"") | G18: =IFERROR(VLOOKUP($A$2&$A18&G$4,'Bảng giá chi tiết'!$C:$J,8,0),"") | H18: =IFERROR(VLOOKUP($A$2&$A18&H$4,'Bảng giá chi tiết'!$C:$J,8,0),"") | I18: =IFERROR(VLOOKUP($A$2&$A18&I$4,'Bảng giá chi tiết'!$C:$J,8,0),"") | ... T18: =IFERROR(VLOOKUP($A$2&$A18&T$4,'Bảng giá chi tiết'!$C:$J,8,0),"") | U18: 10
A19: 11 | B19: =IFERROR(VLOOKUP($A$2&$A19&B$4,'Bảng giá chi tiết'!$C:$J,8,0),"") | C19: =IFERROR(VLOOKUP($A$2&$A19&C$4,'Bảng giá chi tiết'!$C:$J,8,0),"") | D19: =IFERROR(VLOOKUP($A$2&$A19&D$4,'Bảng giá chi tiết'!$C:$J,8,0),"") | E19: =IFERROR(VLOOKUP($A$2&$A19&E$4,'Bảng giá chi tiết'!$C:$J,8,0),"") | F19: =IFERROR(VLOOKUP($A$2&$A19&F$4,'Bảng giá chi tiết'!$C:$J,8,0),"") | G19: =IFERROR(VLOOKUP($A$2&$A19&G$4,'Bảng giá chi tiết'!$C:$J,8,0),"") | H19: =IFERROR(VLOOKUP($A$2&$A19&H$4,'Bảng giá chi tiết'!$C:$J,8,0),"") | I19: =IFERROR(VLOOKUP($A$2&$A19&I$4,'Bảng giá chi tiết'!$C:$J,8,0),"") | ... T19: =IFERROR(VLOOKUP($A$2&$A19&T$4,'Bảng giá chi tiết'!$C:$J,8,0),"") | U19: 11
A20: 12 | B20: =IFERROR(VLOOKUP($A$2&$A20&B$4,'Bảng giá chi tiết'!$C:$J,8,0),"") | C20: =IFERROR(VLOOKUP($A$2&$A20&C$4,'Bảng giá chi tiết'!$C:$J,8,0),"") | D20: =IFERROR(VLOOKUP($A$2&$A20&D$4,'Bảng giá chi tiết'!$C:$J,8,0),"") | E20: =IFERROR(VLOOKUP($A$2&$A20&E$4,'Bảng giá chi tiết'!$C:$J,8,0),"") | F20: =IFERROR(VLOOKUP($A$2&$A20&F$4,'Bảng giá chi tiết'!$C:$J,8,0),"") | G20: =IFERROR(VLOOKUP($A$2&$A20&G$4,'Bảng giá chi tiết'!$C:$J,8,0),"") | H20: =IFERROR(VLOOKUP($A$2&$A20&H$4,'Bảng giá chi tiết'!$C:$J,8,0),"") | I20: =IFERROR(VLOOKUP($A$2&$A20&I$4,'Bảng giá chi tiết'!$C:$J,8,0),"") | ... T20: =IFERROR(VLOOKUP($A$2&$A20&T$4,'Bảng giá chi tiết'!$C:$J,8,0),"") | U20: 12
... A27: 19 | B27: =IFERROR(VLOOKUP($A$2&$A27&B$4,'Bảng giá chi tiết'!$C:$J,8,0),"") | C27: =IFERROR(VLOOKUP($A$2&$A27&C$4,'Bảng giá chi tiết'!$C:$J,8,0),"") -> 3954? | D27: =IFERROR(VLOOKUP($A$2&$A27&D$4,'Bảng giá chi tiết'!$C:$J,8,0),"") -> 4758? | E27: =IFERROR(VLOOKUP($A$2&$A27&E$4,'Bảng giá chi tiết'!$C:$J,8,0),"") -> 4728? | F27: =IFERROR(VLOOKUP($A$2&$A27&F$4,'Bảng giá chi tiết'!$C:$J,8,0),"") | G27: =IFERROR(VLOOKUP($A$2&$A27&G$4,'Bảng giá chi tiết'!$C:$J,8,0),"") | H27: =IFERROR(VLOOKUP($A$2&$A27&H$4,'Bảng giá chi tiết'!$C:$J,8,0),"") | I27: =IFERROR(VLOOKUP($A$2&$A27&I$4,'Bảng giá chi tiết'!$C:$J,8,0),"") | ... T27: =IFERROR(VLOOKUP($A$2&$A27&T$4,'Bảng giá chi tiết'!$C:$J,8,0),"") -> 3909? | U27: 19
A28: 20 | B28: =IFERROR(VLOOKUP($A$2&$A28&B$4,'Bảng giá chi tiết'!$C:$J,8,0),"") -> 4868? | C28: =IFERROR(VLOOKUP($A$2&$A28&C$4,'Bảng giá chi tiết'!$C:$J,8,0),"") | D28: =IFERROR(VLOOKUP($A$2&$A28&D$4,'Bảng giá chi tiết'!$C:$J,8,0),"") -> 4771? | E28: =IFERROR(VLOOKUP($A$2&$A28&E$4,'Bảng giá chi tiết'!$C:$J,8,0),"") | F28: =IFERROR(VLOOKUP($A$2&$A28&F$4,'Bảng giá chi tiết'!$C:$J,8,0),"") | G28: =IFERROR(VLOOKUP($A$2&$A28&G$4,'Bảng giá chi tiết'!$C:$J,8,0),"") -> 5009? | H28: =IFERROR(VLOOKUP($A$2&$A28&H$4,'Bảng giá chi tiết'!$C:$J,8,0),"") | I28: =IFERROR(VLOOKUP($A$2&$A28&I$4,'Bảng giá chi tiết'!$C:$J,8,0),"") | ... T28: =IFERROR(VLOOKUP($A$2&$A28&T$4,'Bảng giá chi tiết'!$C:$J,8,0),"") | U28: 20
A29: 21 | B29: =IFERROR(VLOOKUP($A$2&$A29&B$4,'Bảng giá chi tiết'!$C:$J,8,0),"") | C29: =IFERROR(VLOOKUP($A$2&$A29&C$4,'Bảng giá chi tiết'!$C:$J,8,0),"") | D29: =IFERROR(VLOOKUP($A$2&$A29&D$4,'Bảng giá chi tiết'!$C:$J,8,0),"") | E29: =IFERROR(VLOOKUP($A$2&$A29&E$4,'Bảng giá chi tiết'!$C:$J,8,0),"") | F29: =IFERROR(VLOOKUP($A$2&$A29&F$4,'Bảng giá chi tiết'!$C:$J,8,0),"") | G29: =IFERROR(VLOOKUP($A$2&$A29&G$4,'Bảng giá chi tiết'!$C:$J,8,0),"") | H29: =IFERROR(VLOOKUP($A$2&$A29&H$4,'Bảng giá chi tiết'!$C:$J,8,0),"") | I29: =IFERROR(VLOOKUP($A$2&$A29&I$4,'Bảng giá chi tiết'!$C:$J,8,0),"") | ... T29: =IFERROR(VLOOKUP($A$2&$A29&T$4,'Bảng giá chi tiết'!$C:$J,8,0),"") | U29: 21
A30: 22 | B30: =IFERROR(VLOOKUP($A$2&$A30&B$4,'Bảng giá chi tiết'!$C:$J,8,0),"") | C30: =IFERROR(VLOOKUP($A$2&$A30&C$4,'Bảng giá chi tiết'!$C:$J,8,0),"") | D30: =IFERROR(VLOOKUP($A$2&$A30&D$4,'Bảng giá chi tiết'!$C:$J,8,0),"") | E30: =IFERROR(VLOOKUP($A$2&$A30&E$4,'Bảng giá chi tiết'!$C:$J,8,0),"") | F30: =IFERROR(VLOOKUP($A$2&$A30&F$4,'Bảng giá chi tiết'!$C:$J,8,0),"") | G30: =IFERROR(VLOOKUP($A$2&$A30&G$4,'Bảng giá chi tiết'!$C:$J,8,0),"") | H30: =IFERROR(VLOOKUP($A$2&$A30&H$4,'Bảng giá chi tiết'!$C:$J,8,0),"") | I30: =IFERROR(VLOOKUP($A$2&$A30&I$4,'Bảng giá chi tiết'!$C:$J,8,0),"") | ... T30: =IFERROR(VLOOKUP($A$2&$A30&T$4,'Bảng giá chi tiết'!$C:$J,8,0),"") | U30: 22
A31: 23 | B31: =IFERROR(VLOOKUP($A$2&$A31&B$4,'Bảng giá chi tiết'!$C:$J,8,0),"") | C31: =IFERROR(VLOOKUP($A$2&$A31&C$4,'Bảng giá chi tiết'!$C:$J,8,0),"") | D31: =IFERROR(VLOOKUP($A$2&$A31&D$4,'Bảng giá chi tiết'!$C:$J,8,0),"") | E31: =IFERROR(VLOOKUP($A$2&$A31&E$4,'Bảng giá chi tiết'!$C:$J,8,0),"") | F31: =IFERROR(VLOOKUP($A$2&$A31&F$4,'Bảng giá chi tiết'!$C:$J,8,0),"") | G31: =IFERROR(VLOOKUP($A$2&$A31&G$4,'Bảng giá chi tiết'!$C:$J,8,0),"") | H31: =IFERROR(VLOOKUP($A$2&$A31&H$4,'Bảng giá chi tiết'!$C:$J,8,0),"") | I31: =IFERROR(VLOOKUP($A$2&$A31&I$4,'Bảng giá chi tiết'!$C:$J,8,0),"") | ... T31: =IFERROR(VLOOKUP($A$2&$A31&T$4,'Bảng giá chi tiết'!$C:$J,8,0),"") | U31: 23
A32: 24 | B32: =IFERROR(VLOOKUP($A$2&$A32&B$4,'Bảng giá chi tiết'!$C:$J,8,0),"") | C32: =IFERROR(VLOOKUP($A$2&$A32&C$4,'Bảng giá chi tiết'!$C:$J,8,0),"") | D32: =IFERROR(VLOOKUP($A$2&$A32&D$4,'Bảng giá chi tiết'!$C:$J,8,0),"") | E32: =IFERROR(VLOOKUP($A$2&$A32&E$4,'Bảng giá chi tiết'!$C:$J,8,0),"") | F32: =IFERROR(VLOOKUP($A$2&$A32&F$4,'Bảng giá chi tiết'!$C:$J,8,0),"") -> 0? | G32: =IFERROR(VLOOKUP($A$2&$A32&G$4,'Bảng giá chi tiết'!$C:$J,8,0),"") | H32: =IFERROR(VLOOKUP($A$2&$A32&H$4,'Bảng giá chi tiết'!$C:$J,8,0),"") | I32: =IFERROR(VLOOKUP($A$2&$A32&I$4,'Bảng giá chi tiết'!$C:$J,8,0),"") | ... T32: =IFERROR(VLOOKUP($A$2&$A32&T$4,'Bảng giá chi tiết'!$C:$J,8,0),"") | U32: 24
A33: TẦNG/CĂN | B33: 01 | C33: 02 | D33: 03 | E33: 05A | F33: 05 | H33: 06 | J33: 08A | K33: 08 | L33: 09 | M33: 10 | N33: 11 | P33: 12 | Q33: 12A | R33: 15A | S33: 15 | T33: 16 | U33: TẦNG/CĂN
A34: Loại căn | B34: 1 BR + 1MR | C34: 1 BR+ | D34: Studio | E34: 2 BR+ | F34: DUPLEX | H34: 2BR + 1MR | J34: DUPLEX | K34: 1 BR + 1MR | L34: 1 BR+ | M34: DUPLEX | N34: 2BR + 1MR | P34: 1 BR | Q34: 1 BR+ | R34: 1 BR+ | S34: Studio | T34: 1 BR + 1MR | U34: Loại căn
A35: DT TT | B35: 59,5 | C35: 45,8 | D35: 29,4 | E35: 65,2 | F35: 110,7 | H35: 102,1 | J35: 103,1 | K35: 60,3 | L35: 46,8 | M35: 100,4 | N35: 96,3 | P35: 40,8 | Q35: 45,7 | R35: 45,7 | S35: 30 | T35: 59,8 | U35: DT TT
A36: 25 | B36: =IFERROR(VLOOKUP($A$2&$A36&B$4,'Bảng giá chi tiết'!$C:$J,8,0),"") | C36: =IFERROR(VLOOKUP($A$2&$A36&C$4,'Bảng giá chi tiết'!$C:$J,8,0),"") | D36: =IFERROR(VLOOKUP($A$2&$A36&D$4,'Bảng giá chi tiết'!$C:$J,8,0),"") | E36: =IFERROR(VLOOKUP($A$2&$A36&E$4,'Bảng giá chi tiết'!$C:$J,8,0),"") | F36: =IFERROR(VLOOKUP($A$2&$A36&F$4,'Bảng giá chi tiết'!$C:$J,8,0),"") | G36: =IFERROR(VLOOKUP($A$2&$A36&G$4,'Bảng giá chi tiết'!$C:$J,8,0),"") | H36: =IFERROR(VLOOKUP($A$2&$A36&H$4,'Bảng giá chi tiết'!$C:$J,8,0),"") | I36: =IFERROR(VLOOKUP($A$2&$A36&I$4,'Bảng giá chi tiết'!$C:$J,8,0),"") | ... T36: =IFERROR(VLOOKUP($A$2&$A36&T$4,'Bảng giá chi tiết'!$C:$J,8,0),"") | U36: 25
A37: TẦNG/CĂN | B37: 01 | C37: 02 | D37: 03 | E37: 05A | H37: 05 | K37: 06 | L37: 08A | U37: TẦNG/CĂN
A38: Loại căn | B38: 1 BR + 1MR | C38: 1 BR+ | D38: Studio | E38: 2 BR+ | F38: DUPLEX | H38: 2BR + 1MR | J38: DUPLEX | K38: 1 BR + 1MR | L38: 1 BR+ | M38: DUPLEX | U38: Loại căn
A39: DT TT | B39: 59,5 | C39: 45,8 | D39: 29,4 | E39: 65,2 | F39: 80,5 | H39: 101,9 | J39: 83,4 | K39: 60,3 | L39: 46,8 | M39: 100,4 | U39: DT TT
A40: 26 | B40: =IFERROR(__xludf.DUMMYFUNCTION("ARRAYFORMULA( IF( IMPORTRANGE(""1Eot2b28R3MqVuoQdclpaU-BSV2lEsjsopqYknLqiKPg"", ""C3 - CT!B40:T40"")<>"""", HYPERLINK( REGEXEXTRACT(IMPORTRANGE(""1Eot2b28R3MqVuoQdclpaU-BSV2lEsjsopqYknLqiKPg"", ""C3 - CT!B40:T40""), ""\n(.+"&")""), REGEXEXTRACT(IMPORTRANGE(""1Eot2b28R3MqVuoQdclpaU-BSV2lEsjsopqYknLqiKPg"", ""C3 - CT!B40:T40""), ""^(.+)\n"")), """" ) )"),"#REF!") -> #REF! | U40: 26
A41: TẦNG/CĂN | B41: 01 | F41: 02 | K41: 03 | U41: TẦNG/CĂN
A42: Loại căn | B42: PENHOUSE | F42: PENHOUSE | K42: PENHOUSE | U42: Loại căn
A43: DT TT | B43: 180,4 | F43: 194 | K43: 188,7 | U43: DT TT
A44: 27 | U44: 27

Sheet N1-NT
D1: CẬP NHẬT BẢNG HÀNG TÒA C1 - PHÂN KHU CENTRAL SQUARE
A2: C2Z1- | D2: Ngày cập nhật: | G2: =today() -> 46212 | L2: Quỹ chung | N2: Độc quyền | P2: Đã bán | R2: Quỹ CHECK AD
A4: TẦNG/CĂN | B4: 01 | C4: 02 | D4: 03 | E4: 05A | F4: 05 | G4: 06 | H4: 08A | I4: 08 | J4: 09 | K4: 10 | L4: 11 | M4: 12 | N4: 12A | O4: 15A | P4: 15 | Q4: 16 | R4: 18A | S4: 18 | T4: 19 | U4: 20 | V4: 21 | W4: 22 | X4: TẦNG/CĂN
A5: Loại căn | B5: 1BR+1MR | C5: 1BR+1MR | D5: 4 BR | E5: 2 BR+ | F5: Studio | G5: 1 BR+ | H5: 2 BR+ | I5: 1 BR+ | J5: Studio | K5: 1 BR+ | L5: 1BR+1MR | M5: 1 BR+ | N5: 1 BR+ | O5: 1BR+1MR | P5: 1 BR+ | Q5: Studio | R5: 2 BR+ | S5: 3 BR | T5: Studio | U5: 1BR+1MR | V5: 1BR+1MR | W5: 1 BR+ | X5: Loại căn
A6: DT TT | B6: 60,4 | C6: 60,4 | D6: 116,0 | E6: 74,4 | F6: 32,4 | G6: 50,3 | H6: 74,2 | I6: 50,3 | J6: 31,1 | K6: 49,4 | L6: 61,9 | M6: 49,3 | N6: 50,2 | O6: 61,1 | P6: 50,3 | Q6: 32,2 | R6: 76,1 | S6: 95,8 | T6: 31,8 | U6: 60,2 | V6: 60,2 | W6: 50,5 | X6: DT TT
A7: Hướng ban công | B7: Đông | C7: Đông | D7: Đông - Nam | E7: Nam - Tây | F7: Tây | G7: Tây | H7: Tây | I7: Tây | J7: Tây | K7: TB | L7: TB | M7: TB | N7: TB | O7: TB | P7: TB | Q7: TB | R7: TB - ĐB | S7: ĐB - ĐN | T7: ĐN | U7: ĐN | V7: ĐN | W7: ĐN | X7: Hướng ban công
A8: View | B8: View Nội khu | E8: View đường lớn | S8: View nội khu | X8: View
A9: 01 | B9: =IFERROR(VLOOKUP($A$2&$A9&B$4,'Bảng giá chi tiết'!$C:$J,8,0),"") | C9: =IFERROR(VLOOKUP($A$2&$A9&C$4,'Bảng giá chi tiết'!$C:$J,8,0),"") | D9: =IFERROR(VLOOKUP($A$2&$A9&D$4,'Bảng giá chi tiết'!$C:$J,8,0),"") | E9: =IFERROR(VLOOKUP($A$2&$A9&E$4,'Bảng giá chi tiết'!$C:$J,8,0),"") | F9: =IFERROR(VLOOKUP($A$2&$A9&F$4,'Bảng giá chi tiết'!$C:$J,8,0),"") | G9: =IFERROR(VLOOKUP($A$2&$A9&G$4,'Bảng giá chi tiết'!$C:$J,8,0),"") | H9: =IFERROR(VLOOKUP($A$2&$A9&H$4,'Bảng giá chi tiết'!$C:$J,8,0),"") | I9: =IFERROR(VLOOKUP($A$2&$A9&I$4,'Bảng giá chi tiết'!$C:$J,8,0),"") | ... T9: =IFERROR(VLOOKUP($A$2&$A9&T$4,'Bảng giá chi tiết'!$C:$J,8,0),"") | U9: 01
A10: 02 | B10: =IFERROR(VLOOKUP($A$2&$A10&B$4,'Bảng giá chi tiết'!$C:$J,8,0),"") | C10: =IFERROR(VLOOKUP($A$2&$A10&C$4,'Bảng giá chi tiết'!$C:$J,8,0),"") | D10: =IFERROR(VLOOKUP($A$2&$A10&D$4,'Bảng giá chi tiết'!$C:$J,8,0),"") | E10: =IFERROR(VLOOKUP($A$2&$A10&E$4,'Bảng giá chi tiết'!$C:$J,8,0),"") | F10: =IFERROR(VLOOKUP($A$2&$A10&F$4,'Bảng giá chi tiết'!$C:$J,8,0),"") | G10: =IFERROR(VLOOKUP($A$2&$A10&G$4,'Bảng giá chi tiết'!$C:$J,8,0),"") | H10: =IFERROR(VLOOKUP($A$2&$A10&H$4,'Bảng giá chi tiết'!$C:$J,8,0),"") | I10: =IFERROR(VLOOKUP($A$2&$A10&I$4,'Bảng giá chi tiết'!$C:$J,8,0),"") | ... T10: =IFERROR(VLOOKUP($A$2&$A10&T$4,'Bảng giá chi tiết'!$C:$J,8,0),"") | U10: 02
A11: 03 | B11: =IFERROR(VLOOKUP($A$2&$A11&B$4,'Bảng giá chi tiết'!$C:$J,8,0),"") | C11: =IFERROR(VLOOKUP($A$2&$A11&C$4,'Bảng giá chi tiết'!$C:$J,8,0),"") | D11: =IFERROR(VLOOKUP($A$2&$A11&D$4,'Bảng giá chi tiết'!$C:$J,8,0),"") | E11: =IFERROR(VLOOKUP($A$2&$A11&E$4,'Bảng giá chi tiết'!$C:$J,8,0),"") | F11: =IFERROR(VLOOKUP($A$2&$A11&F$4,'Bảng giá chi tiết'!$C:$J,8,0),"") | G11: =IFERROR(VLOOKUP($A$2&$A11&G$4,'Bảng giá chi tiết'!$C:$J,8,0),"") | H11: =IFERROR(VLOOKUP($A$2&$A11&H$4,'Bảng giá chi tiết'!$C:$J,8,0),"") | I11: =IFERROR(VLOOKUP($A$2&$A11&I$4,'Bảng giá chi tiết'!$C:$J,8,0),"") | ... T11: =IFERROR(VLOOKUP($A$2&$A11&T$4,'Bảng giá chi tiết'!$C:$J,8,0),"") | U11: 03
A12: 04 | B12: =IFERROR(VLOOKUP($A$2&$A12&B$4,'Bảng giá chi tiết'!$C:$J,8,0),"") | C12: =IFERROR(VLOOKUP($A$2&$A12&C$4,'Bảng giá chi tiết'!$C:$J,8,0),"") | D12: =IFERROR(VLOOKUP($A$2&$A12&D$4,'Bảng giá chi tiết'!$C:$J,8,0),"") | E12: =IFERROR(VLOOKUP($A$2&$A12&E$4,'Bảng giá chi tiết'!$C:$J,8,0),"") | F12: =IFERROR(VLOOKUP($A$2&$A12&F$4,'Bảng giá chi tiết'!$C:$J,8,0),"") | G12: =IFERROR(VLOOKUP($A$2&$A12&G$4,'Bảng giá chi tiết'!$C:$J,8,0),"") | H12: =IFERROR(VLOOKUP($A$2&$A12&H$4,'Bảng giá chi tiết'!$C:$J,8,0),"") | I12: =IFERROR(VLOOKUP($A$2&$A12&I$4,'Bảng giá chi tiết'!$C:$J,8,0),"") | ... T12: =IFERROR(VLOOKUP($A$2&$A12&T$4,'Bảng giá chi tiết'!$C:$J,8,0),"") | U12: 04
A13: 05 | B13: =IFERROR(VLOOKUP($A$2&$A13&B$4,'Bảng giá chi tiết'!$C:$J,8,0),"") | C13: =IFERROR(VLOOKUP($A$2&$A13&C$4,'Bảng giá chi tiết'!$C:$J,8,0),"") | D13: =IFERROR(VLOOKUP($A$2&$A13&D$4,'Bảng giá chi tiết'!$C:$J,8,0),"") | E13: =IFERROR(VLOOKUP($A$2&$A13&E$4,'Bảng giá chi tiết'!$C:$J,8,0),"") | F13: =IFERROR(VLOOKUP($A$2&$A13&F$4,'Bảng giá chi tiết'!$C:$J,8,0),"") | G13: =IFERROR(VLOOKUP($A$2&$A13&G$4,'Bảng giá chi tiết'!$C:$J,8,0),"") | H13: =IFERROR(VLOOKUP($A$2&$A13&H$4,'Bảng giá chi tiết'!$C:$J,8,0),"") | I13: =IFERROR(VLOOKUP($A$2&$A13&I$4,'Bảng giá chi tiết'!$C:$J,8,0),"") | ... T13: =IFERROR(VLOOKUP($A$2&$A13&T$4,'Bảng giá chi tiết'!$C:$J,8,0),"") | U13: 05
A14: 06 | B14: =IFERROR(VLOOKUP($A$2&$A14&B$4,'Bảng giá chi tiết'!$C:$J,8,0),"") | C14: =IFERROR(VLOOKUP($A$2&$A14&C$4,'Bảng giá chi tiết'!$C:$J,8,0),"") | D14: =IFERROR(VLOOKUP($A$2&$A14&D$4,'Bảng giá chi tiết'!$C:$J,8,0),"") | E14: =IFERROR(VLOOKUP($A$2&$A14&E$4,'Bảng giá chi tiết'!$C:$J,8,0),"") | F14: =IFERROR(VLOOKUP($A$2&$A14&F$4,'Bảng giá chi tiết'!$C:$J,8,0),"") | G14: =IFERROR(VLOOKUP($A$2&$A14&G$4,'Bảng giá chi tiết'!$C:$J,8,0),"") | H14: =IFERROR(VLOOKUP($A$2&$A14&H$4,'Bảng giá chi tiết'!$C:$J,8,0),"") | I14: =IFERROR(VLOOKUP($A$2&$A14&I$4,'Bảng giá chi tiết'!$C:$J,8,0),"") | ... T14: =IFERROR(VLOOKUP($A$2&$A14&T$4,'Bảng giá chi tiết'!$C:$J,8,0),"") | U14: 06
A15: 07 | B15: =IFERROR(VLOOKUP($A$2&$A15&B$4,'Bảng giá chi tiết'!$C:$J,8,0),"") | C15: =IFERROR(VLOOKUP($A$2&$A15&C$4,'Bảng giá chi tiết'!$C:$J,8,0),"") | D15: =IFERROR(VLOOKUP($A$2&$A15&D$4,'Bảng giá chi tiết'!$C:$J,8,0),"") | E15: =IFERROR(VLOOKUP($A$2&$A15&E$4,'Bảng giá chi tiết'!$C:$J,8,0),"") | F15: =IFERROR(VLOOKUP($A$2&$A15&F$4,'Bảng giá chi tiết'!$C:$J,8,0),"") | G15: =IFERROR(VLOOKUP($A$2&$A15&G$4,'Bảng giá chi tiết'!$C:$J,8,0),"") | H15: =IFERROR(VLOOKUP($A$2&$A15&H$4,'Bảng giá chi tiết'!$C:$J,8,0),"") | I15: =IFERROR(VLOOKUP($A$2&$A15&I$4,'Bảng giá chi tiết'!$C:$J,8,0),"") | ... T15: =IFERROR(VLOOKUP($A$2&$A15&T$4,'Bảng giá chi tiết'!$C:$J,8,0),"") | U15: 07
A16: 08 | B16: =IFERROR(VLOOKUP($A$2&$A16&B$4,'Bảng giá chi tiết'!$C:$J,8,0),"") | C16: =IFERROR(VLOOKUP($A$2&$A16&C$4,'Bảng giá chi tiết'!$C:$J,8,0),"") | D16: =IFERROR(VLOOKUP($A$2&$A16&D$4,'Bảng giá chi tiết'!$C:$J,8,0),"") | E16: =IFERROR(VLOOKUP($A$2&$A16&E$4,'Bảng giá chi tiết'!$C:$J,8,0),"") | F16: =IFERROR(VLOOKUP($A$2&$A16&F$4,'Bảng giá chi tiết'!$C:$J,8,0),"") | G16: =IFERROR(VLOOKUP($A$2&$A16&G$4,'Bảng giá chi tiết'!$C:$J,8,0),"") | H16: =IFERROR(VLOOKUP($A$2&$A16&H$4,'Bảng giá chi tiết'!$C:$J,8,0),"") | I16: =IFERROR(VLOOKUP($A$2&$A16&I$4,'Bảng giá chi tiết'!$C:$J,8,0),"") | ... T16: =IFERROR(VLOOKUP($A$2&$A16&T$4,'Bảng giá chi tiết'!$C:$J,8,0),"") | U16: 08
A17: 09 | B17: =IFERROR(VLOOKUP($A$2&$A17&B$4,'Bảng giá chi tiết'!$C:$J,8,0),"") | C17: =IFERROR(VLOOKUP($A$2&$A17&C$4,'Bảng giá chi tiết'!$C:$J,8,0),"") | D17: =IFERROR(VLOOKUP($A$2&$A17&D$4,'Bảng giá chi tiết'!$C:$J,8,0),"") | E17: =IFERROR(VLOOKUP($A$2&$A17&E$4,'Bảng giá chi tiết'!$C:$J,8,0),"") | F17: =IFERROR(VLOOKUP($A$2&$A17&F$4,'Bảng giá chi tiết'!$C:$J,8,0),"") | G17: =IFERROR(VLOOKUP($A$2&$A17&G$4,'Bảng giá chi tiết'!$C:$J,8,0),"") | H17: =IFERROR(VLOOKUP($A$2&$A17&H$4,'Bảng giá chi tiết'!$C:$J,8,0),"") | I17: =IFERROR(VLOOKUP($A$2&$A17&I$4,'Bảng giá chi tiết'!$C:$J,8,0),"") | ... T17: =IFERROR(VLOOKUP($A$2&$A17&T$4,'Bảng giá chi tiết'!$C:$J,8,0),"") | U17: 09
A18: 10 | B18: =IFERROR(VLOOKUP($A$2&$A18&B$4,'Bảng giá chi tiết'!$C:$J,8,0),"") | C18: =IFERROR(VLOOKUP($A$2&$A18&C$4,'Bảng giá chi tiết'!$C:$J,8,0),"") | D18: =IFERROR(VLOOKUP($A$2&$A18&D$4,'Bảng giá chi tiết'!$C:$J,8,0),"") | E18: =IFERROR(VLOOKUP($A$2&$A18&E$4,'Bảng giá chi tiết'!$C:$J,8,0),"") | F18: =IFERROR(VLOOKUP($A$2&$A18&F$4,'Bảng giá chi tiết'!$C:$J,8,0),"") | G18: =IFERROR(VLOOKUP($A$2&$A18&G$4,'Bảng giá chi tiết'!$C:$J,8,0),"") | H18: =IFERROR(VLOOKUP($A$2&$A18&H$4,'Bảng giá chi tiết'!$C:$J,8,0),"") | I18: =IFERROR(VLOOKUP($A$2&$A18&I$4,'Bảng giá chi tiết'!$C:$J,8,0),"") | ... T18: =IFERROR(VLOOKUP($A$2&$A18&T$4,'Bảng giá chi tiết'!$C:$J,8,0),"") | U18: 10
A19: 11 | B19: =IFERROR(VLOOKUP($A$2&$A19&B$4,'Bảng giá chi tiết'!$C:$J,8,0),"") | C19: =IFERROR(VLOOKUP($A$2&$A19&C$4,'Bảng giá chi tiết'!$C:$J,8,0),"") | D19: =IFERROR(VLOOKUP($A$2&$A19&D$4,'Bảng giá chi tiết'!$C:$J,8,0),"") | E19: =IFERROR(VLOOKUP($A$2&$A19&E$4,'Bảng giá chi tiết'!$C:$J,8,0),"") | F19: =IFERROR(VLOOKUP($A$2&$A19&F$4,'Bảng giá chi tiết'!$C:$J,8,0),"") | G19: =IFERROR(VLOOKUP($A$2&$A19&G$4,'Bảng giá chi tiết'!$C:$J,8,0),"") | H19: =IFERROR(VLOOKUP($A$2&$A19&H$4,'Bảng giá chi tiết'!$C:$J,8,0),"") | I19: =IFERROR(VLOOKUP($A$2&$A19&I$4,'Bảng giá chi tiết'!$C:$J,8,0),"") | ... T19: =IFERROR(VLOOKUP($A$2&$A19&T$4,'Bảng giá chi tiết'!$C:$J,8,0),"") | U19: 11
A20: 12 | B20: =IFERROR(VLOOKUP($A$2&$A20&B$4,'Bảng giá chi tiết'!$C:$J,8,0),"") | C20: =IFERROR(VLOOKUP($A$2&$A20&C$4,'Bảng giá chi tiết'!$C:$J,8,0),"") | D20: =IFERROR(VLOOKUP($A$2&$A20&D$4,'Bảng giá chi tiết'!$C:$J,8,0),"") | E20: =IFERROR(VLOOKUP($A$2&$A20&E$4,'Bảng giá chi tiết'!$C:$J,8,0),"") | F20: =IFERROR(VLOOKUP($A$2&$A20&F$4,'Bảng giá chi tiết'!$C:$J,8,0),"") | G20: =IFERROR(VLOOKUP($A$2&$A20&G$4,'Bảng giá chi tiết'!$C:$J,8,0),"") | H20: =IFERROR(VLOOKUP($A$2&$A20&H$4,'Bảng giá chi tiết'!$C:$J,8,0),"") | I20: =IFERROR(VLOOKUP($A$2&$A20&I$4,'Bảng giá chi tiết'!$C:$J,8,0),"") | ... T20: =IFERROR(VLOOKUP($A$2&$A20&T$4,'Bảng giá chi tiết'!$C:$J,8,0),"") | U20: 12
... A27: 19 | B27: =IFERROR(VLOOKUP($A$2&$A27&B$4,'Bảng giá chi tiết'!$C:$J,8,0),"") | C27: =IFERROR(VLOOKUP($A$2&$A27&C$4,'Bảng giá chi tiết'!$C:$J,8,0),"") | D27: =IFERROR(VLOOKUP($A$2&$A27&D$4,'Bảng giá chi tiết'!$C:$J,8,0),"") | E27: =IFERROR(VLOOKUP($A$2&$A27&E$4,'Bảng giá chi tiết'!$C:$J,8,0),"") | F27: =IFERROR(VLOOKUP($A$2&$A27&F$4,'Bảng giá chi tiết'!$C:$J,8,0),"") | G27: =IFERROR(VLOOKUP($A$2&$A27&G$4,'Bảng giá chi tiết'!$C:$J,8,0),"") | H27: =IFERROR(VLOOKUP($A$2&$A27&H$4,'Bảng giá chi tiết'!$C:$J,8,0),"") | I27: =IFERROR(VLOOKUP($A$2&$A27&I$4,'Bảng giá chi tiết'!$C:$J,8,0),"") | ... T27: =IFERROR(VLOOKUP($A$2&$A27&T$4,'Bảng giá chi tiết'!$C:$J,8,0),"") | U27: 19
A28: 20 | B28: =IFERROR(VLOOKUP($A$2&$A28&B$4,'Bảng giá chi tiết'!$C:$J,8,0),"") | C28: =IFERROR(VLOOKUP($A$2&$A28&C$4,'Bảng giá chi tiết'!$C:$J,8,0),"") | D28: =IFERROR(VLOOKUP($A$2&$A28&D$4,'Bảng giá chi tiết'!$C:$J,8,0),"") | E28: =IFERROR(VLOOKUP($A$2&$A28&E$4,'Bảng giá chi tiết'!$C:$J,8,0),"") | F28: =IFERROR(VLOOKUP($A$2&$A28&F$4,'Bảng giá chi tiết'!$C:$J,8,0),"") | G28: =IFERROR(VLOOKUP($A$2&$A28&G$4,'Bảng giá chi tiết'!$C:$J,8,0),"") | H28: =IFERROR(VLOOKUP($A$2&$A28&H$4,'Bảng giá chi tiết'!$C:$J,8,0),"") | I28: =IFERROR(VLOOKUP($A$2&$A28&I$4,'Bảng giá chi tiết'!$C:$J,8,0),"") | ... T28: =IFERROR(VLOOKUP($A$2&$A28&T$4,'Bảng giá chi tiết'!$C:$J,8,0),"") | U28: 20
A29: 21 | B29: =IFERROR(VLOOKUP($A$2&$A29&B$4,'Bảng giá chi tiết'!$C:$J,8,0),"") | C29: =IFERROR(VLOOKUP($A$2&$A29&C$4,'Bảng giá chi tiết'!$C:$J,8,0),"") | D29: =IFERROR(VLOOKUP($A$2&$A29&D$4,'Bảng giá chi tiết'!$C:$J,8,0),"") | E29: =IFERROR(VLOOKUP($A$2&$A29&E$4,'Bảng giá chi tiết'!$C:$J,8,0),"") | F29: =IFERROR(VLOOKUP($A$2&$A29&F$4,'Bảng giá chi tiết'!$C:$J,8,0),"") | G29: =IFERROR(VLOOKUP($A$2&$A29&G$4,'Bảng giá chi tiết'!$C:$J,8,0),"") | H29: =IFERROR(VLOOKUP($A$2&$A29&H$4,'Bảng giá chi tiết'!$C:$J,8,0),"") | I29: =IFERROR(VLOOKUP($A$2&$A29&I$4,'Bảng giá chi tiết'!$C:$J,8,0),"") | ... T29: =IFERROR(VLOOKUP($A$2&$A29&T$4,'Bảng giá chi tiết'!$C:$J,8,0),"") | U29: 21
A30: 22 | B30: =IFERROR(VLOOKUP($A$2&$A30&B$4,'Bảng giá chi tiết'!$C:$J,8,0),"") | C30: =IFERROR(VLOOKUP($A$2&$A30&C$4,'Bảng giá chi tiết'!$C:$J,8,0),"") | D30: =IFERROR(VLOOKUP($A$2&$A30&D$4,'Bảng giá chi tiết'!$C:$J,8,0),"") | E30: =IFERROR(VLOOKUP($A$2&$A30&E$4,'Bảng giá chi tiết'!$C:$J,8,0),"") | F30: =IFERROR(VLOOKUP($A$2&$A30&F$4,'Bảng giá chi tiết'!$C:$J,8,0),"") | G30: =IFERROR(VLOOKUP($A$2&$A30&G$4,'Bảng giá chi tiết'!$C:$J,8,0),"") | H30: =IFERROR(VLOOKUP($A$2&$A30&H$4,'Bảng giá chi tiết'!$C:$J,8,0),"") | I30: =IFERROR(VLOOKUP($A$2&$A30&I$4,'Bảng giá chi tiết'!$C:$J,8,0),"") | ... T30: =IFERROR(VLOOKUP($A$2&$A30&T$4,'Bảng giá chi tiết'!$C:$J,8,0),"") | U30: 22
A31: 23 | B31: =IFERROR(VLOOKUP($A$2&$A31&B$4,'Bảng giá chi tiết'!$C:$J,8,0),"") | C31: =IFERROR(VLOOKUP($A$2&$A31&C$4,'Bảng giá chi tiết'!$C:$J,8,0),"") | D31: =IFERROR(VLOOKUP($A$2&$A31&D$4,'Bảng giá chi tiết'!$C:$J,8,0),"") | E31: =IFERROR(VLOOKUP($A$2&$A31&E$4,'Bảng giá chi tiết'!$C:$J,8,0),"") | F31: =IFERROR(VLOOKUP($A$2&$A31&F$4,'Bảng giá chi tiết'!$C:$J,8,0),"") | G31: =IFERROR(VLOOKUP($A$2&$A31&G$4,'Bảng giá chi tiết'!$C:$J,8,0),"") | H31: =IFERROR(VLOOKUP($A$2&$A31&H$4,'Bảng giá chi tiết'!$C:$J,8,0),"") | I31: =IFERROR(VLOOKUP($A$2&$A31&I$4,'Bảng giá chi tiết'!$C:$J,8,0),"") | ... T31: =IFERROR(VLOOKUP($A$2&$A31&T$4,'Bảng giá chi tiết'!$C:$J,8,0),"") | U31: 23
A32: 24 | B32: =IFERROR(VLOOKUP($A$2&$A32&B$4,'Bảng giá chi tiết'!$C:$J,8,0),"") | C32: =IFERROR(VLOOKUP($A$2&$A32&C$4,'Bảng giá chi tiết'!$C:$J,8,0),"") | D32: =IFERROR(VLOOKUP($A$2&$A32&D$4,'Bảng giá chi tiết'!$C:$J,8,0),"") | E32: =IFERROR(VLOOKUP($A$2&$A32&E$4,'Bảng giá chi tiết'!$C:$J,8,0),"") | F32: =IFERROR(VLOOKUP($A$2&$A32&F$4,'Bảng giá chi tiết'!$C:$J,8,0),"") | G32: =IFERROR(VLOOKUP($A$2&$A32&G$4,'Bảng giá chi tiết'!$C:$J,8,0),"") | H32: =IFERROR(VLOOKUP($A$2&$A32&H$4,'Bảng giá chi tiết'!$C:$J,8,0),"") | I32: =IFERROR(VLOOKUP($A$2&$A32&I$4,'Bảng giá chi tiết'!$C:$J,8,0),"") | ... T32: =IFERROR(VLOOKUP($A$2&$A32&T$4,'Bảng giá chi tiết'!$C:$J,8,0),"") | U32: 24
A33: TẦNG/CĂN | B33: 01 | C33: 02 | E33: 03 | G33: 05A | H33: 05 | I33: 06 | J33: 08A | K33: 08 | L33: 09 | M33: 10 | N33: 11 | O33: 12 | P33: 12A | R33: 15A | S33: 15 | T33: 16 | U33: TẦNG/CĂN
A34: Loại căn | B34: DUPLEX | C34: 2BR + 1MR | E34: DUPLEX | G34: 2 BR+ | H34: Studio | I34: 1 BR+ | J34: 1 BR + 1MR | K34: 1 BR + 1MR | L34: Studio | M34: 1 BR+ | N34: 1 BR+ | O34: 1 BR | P34: 2BR + 1MR | R34: DUPLEX | S34: 1 BR+ | T34: 1 BR + 1MR | U34: Loại căn
A35: DT TT | B35: 103,1 | C35: 102,1 | E35: 110,7 | G35: 65,2 | H35: 29,4 | I35: 45,6 | J35: 59,5 | K35: 59,8 | L35: 30 | M35: 45,7 | N35: 45,7 | O35: 40,8 | P35: 96,3 | R35: 100,4 | S35: 46,8 | T35: 60,3 | U35: DT TT
A36: 25 | B36: =IFERROR(VLOOKUP($A$2&$A36&B$4,'Bảng giá chi tiết'!$C:$J,8,0),"") | C36: =IFERROR(VLOOKUP($A$2&$A36&C$4,'Bảng giá chi tiết'!$C:$J,8,0),"") | D36: =IFERROR(VLOOKUP($A$2&$A36&D$4,'Bảng giá chi tiết'!$C:$J,8,0),"") | E36: =IFERROR(VLOOKUP($A$2&$A36&E$4,'Bảng giá chi tiết'!$C:$J,8,0),"") | F36: =IFERROR(VLOOKUP($A$2&$A36&F$4,'Bảng giá chi tiết'!$C:$J,8,0),"") | G36: =IFERROR(VLOOKUP($A$2&$A36&G$4,'Bảng giá chi tiết'!$C:$J,8,0),"") | H36: =IFERROR(VLOOKUP($A$2&$A36&H$4,'Bảng giá chi tiết'!$C:$J,8,0),"") | I36: =IFERROR(VLOOKUP($A$2&$A36&I$4,'Bảng giá chi tiết'!$C:$J,8,0),"") | ... T36: =IFERROR(VLOOKUP($A$2&$A36&T$4,'Bảng giá chi tiết'!$C:$J,8,0),"") | U36: 25
A37: TẦNG/CĂN | C37: 01 | G37: 02 | I37: 03 | J37: 05A | S37: 05 | T37: 06 | U37: TẦNG/CĂN
A38: Loại căn | B38: DUPLEX | C38: 3 BR | E38: DUPLEX | G38: 3 BR | I38: 1 BR+ | J38: 2 BR | R38: DUPLEX | S38: 1 BR+ | T38: 2 BR | U38: Loại căn
A39: DT TT | B39: 80,9 | C39: 98,9 | E39: 84,1 | G39: 106,3 | I39: 45,5 | J39: 58,8 | R39: 69,8 | S39: 46,6 | T39: 59,5 | U39: DT TT
A40: 26 | B40: =IFERROR(__xludf.DUMMYFUNCTION("ARRAYFORMULA( IF( IMPORTRANGE(""1Eot2b28R3MqVuoQdclpaU-BSV2lEsjsopqYknLqiKPg"", ""C1 - CT!B40:T40"")<>"""", HYPERLINK( REGEXEXTRACT(IMPORTRANGE(""1Eot2b28R3MqVuoQdclpaU-BSV2lEsjsopqYknLqiKPg"",""C1 - CT!B40:T40""), ""\n(.+)"&"""), REGEXEXTRACT(IMPORTRANGE(""1Eot2b28R3MqVuoQdclpaU-BSV2lEsjsopqYknLqiKPg"", ""C1 - CT!B40:T40""), ""^(.+)\n"")), """" ) )"),"#REF!") -> #REF! | U40: 26
A41: TẦNG/CĂN | C41: 01 | G41: 02 | R41: 03 | U41: TẦNG/CĂN
A42: Loại căn | C42: PENHOUSE | G42: PENHOUSE | R42: PENHOUSE | U42: Loại căn
A43: DT TT | C43: 191,4 | G43: 192,3 | R43: 187,2 | U43: DT TT
A44: 27 | U44: 27

Sheet N2-NN

Sheet N3-NN

Sheet ĐQ HSG
A1: HP- LUMIÈRE HA NOI SEASONS GARDEN
A2: STT | B2: Tên tòa | C2: Mã căn | D2: LOẠI CĂN | E2: Diện tích tim tường (m2) | F2: Diện tích thông thủy (m2) | G2: Giá chưa VAT & KPBT | H2: Giá tiến độ | I2: Giá TTS | J2: Giá Vay | K2: Giá Vay ko EB | L2: CSBH | M2: GHI CHÚ | N2: PTG + CHỈ CĂN
A3: 1
A4: 2 | S4: 1
A5: 3

Sheet Độc quyền HSG
A1: BẢNG HÀNG LUMIÈRE SEASON GARDEN L1
A2: STT | B2: TOÀ | C2: MÃ CĂN | D2: LOẠI CĂN | E2: LOẠI CĂN | F2: DT THÔNG THUỶ | G2: GIÁ TTTĐ GỒM VAT VÀ KPBT | H2: GIÁ TTS GỒM VAT VÀ KPBT | I2: GIÁ VAY GỒM VAT VÀ KPBT | J2: CSBH | K2: GHI CHÚ | L2: PTG+ CHỈ CĂN | M2: Tầng
A3: 9 | B3: L1 | C3: HH-A-39-06 | D3: HH-A-3X-06 | E3: 03 Phòng Ngủ + 01 Đa Năng | F3: 132.7 | G3: 22796739698 | H3: 19807718313 | I3: 24820077251 | J3: 46160 | M3: ĐÃ BÁN
A4: 1 | B4: L1 | C4: HH-A-07-15 | D4: HH-A-0X-15 | E4: 01 Phòng Ngủ | F4: 59.2 | G4: 9173620539 | H4: 7969698269 | I4: 9988583307 | J4: 46160 | K4: HOTTTTT | L4: HHA-07-15 | M4: 7
A5: 1 | B5: L1 | C5: HH-A-12-15A | D5: HHA-1X-15A | E5: 01 Phòng Ngủ + 01 Đa Năng | F5: 81.4 | G5: 13225454679 | H5: 11490537122 | I5: 14399860411 | J5: 46160 | K5: CHECK AD | L5: https://drive.google.com/drive/folders/14_FQO61Jn_iuPBz3iyJYAe-WkQ0haOoM | M5: 12
A6: 2 | B6: L1 | C6: HH-A-27-19 | E6: 01 Phòng Ngủ | F6: 56.3 | G6: 10290666532 | H6: 8942084358 | I6: 11203552927 | J6: 46160 | K6: CHECK AD | L6: https://drive.google.com/drive/folders/1g62q44RYtIWbfaaObSyo60Bz3uVoJ8kj
A7: 3 | B7: L1 | C7: HH-A-21-15 | D7: HHA-2X-15 | E7: 01 Phòng Ngủ | F7: 59.2 | G7: 10462972545 | H7: 9091434514 | I7: 11391398289 | J7: 46160 | K7: CHECK AD | L7: https://drive.google.com/drive/folders/1BG_O1NLqZeKUKPpmsIDPkzYkLootecLR | M7: 21
A8: 4 | B8: L1 | C8: HH-A-23-18 | D8: HHA-2X-18 | E8: 01 Phòng Ngủ + 01 Đa Năng | F8: 83.1 | G8: 14837403318 | H8: 12892606461 | I8: 16153881190 | J8: 46160 | K8: CHECK AD | L8: http://drive.google.com/drive/folders/1_EaUwQOHr1nU_yzXSp7fpxlUpdgxqKe6 | M8: 23
A9: 5 | B9: L1 | C9: HH-A-27-12A | D9: HHA-2X-12A | E9: 01 Phòng Ngủ + 01 Đa Năng | F9: 79.1 | G9: 14080564663 | H9: 12234923832 | I9: 15329921534 | J9: 46160 | K9: CHECK AD | L9: https://drive.google.com/drive/folders/15hc_BfGb5cneAbK-ZJv9JEi_KBbmteql | M9: 27
A10: 6 | B10: L1 | C10: HH-A-10-23 | D10: HHA-1X-23 | E10: 03 Phòng Ngủ + 01 Đa Năng | F10: 141.7 | G10: 23418269794 | H10: 20346723745 | I10: 25497470196 | J10: 46160 | K10: CHECK AD | L10: https://drive.google.com/drive/folders/1Ze9gkfCVb7uzLd9FTG_b-SDkcpKnPrso | M10: 10
A11: 7 | B11: L1 | C11: HH-A-39-21 | D11: HH-A-3X-21 | E11: 01 Phòng Ngủ + 01 Đa Năng | F11: 83.5 | G11: 14280690576 | H11: 12408189676 | I11: 15548229647 | J11: 46160 | K11: CHECK AD | L11: https://drive.google.com/drive/folders/16jT_1YLnJMisLj30e7p-C-fZ-85Lx0t3 | M11: 39
A12: 8 | B12: L1 | C12: HH-A-43-12A | D12: HH-A-4X-12A | E12: 01 Phòng Ngủ + 01 Đa Năng | F12: 81.9 | G12: 13557173346 | H12: 11779036487 | I12: 14760835221 | J12: 46160 | K12: CHECK AD | L12: https://drive.google.com/drive/folders/1A4-cFTxaJwRwZbW9i9Lfnn7OAcI_039C | M12: 43
A13: 9 | B13: L1 | C13: HH-A-35-22 | D13: HH-A-3X-22 | E13: 01 Phòng Ngủ + 01 Đa Năng | F13: 77.9 | G13: 13677638239 | H13: 11884607943 | I13: 14891381824 | J13: 46160 | K13: CHECK AD | L13: https://drive.google.com/drive/folders/1Jqw_qdHHCZtrmWuN6v3BBo4SFGhbzIXv | M13: 35
A14: 10 | B14: L1 | C14: HH-A-34-03 | D14: HH-A-3X-03 | E14: 02 Phòng Ngủ | F14: 87.9 | G14: 14608825291 | H14: 12692823179 | I14: 15905811338 | J14: 46160 | K14: CHECK AD | L14: https://drive.google.com/drive/folders/1APD2uY5zCU9IJNEq4Gj6qW_NTI1ZLCRr | M14: 34
A15: 11 | B15: L1 | C15: HH-A-46-08A | D15: HH-A-4X-08A | E15: 02 Phòng Ngủ + 01 Đa Năng | F15: 115.4 | G15: 18334877394 | H15: 15929215383 | I15: 19963325525 | J15: 46160 | K15: CHECK AD | L15: https://drive.google.com/drive/folders/1NZPW2UoqaV5fVDtGPvKXG3WgRA_5Vrxi | M15: 46
A16: 12 | B16: L1 | C16: HH-A-44-15 | D16: HH-A-4X-15 | E16: 01 Phòng Ngủ + 01 Đa Năng | F16: 85.5 | G16: 13374006454 | H16: 11618990989 | I16: 14562016921 | J16: 46160 | K16: CHECK AD | L16: https://drive.google.com/drive/folders/1-a7nWud2kz-9rNj2bowk6LEVtia9kX7P | M16: 44
A17: 13 | B17: L1 | C17: HH-A-20-20 | D17: HHA-2X-20 | E17: 01 Phòng Ngủ + 01 Đa Năng | F17: 84.7 | G17: 14860905970 | H17: 12912746969 | I17: 16179659756 | J17: 46160 | K17: CHECK AD | L17: https://drive.google.com/drive/folders/1H-pMQbyLzi5ydwbL0RdY11R2hXeWcJzw | M17: 20
A18: BẢNG HÀNG LUMIÈRE SEASON GARDEN L2
A19: STT | B19: TOÀ | C19: MÃ CĂN | D19: LOẠI CĂN | E19: LOẠI CĂN | F19: DT THÔNG THUỶ | G19: GIÁ TTTĐ GỒM VAT VÀ KPBT | H19: GIÁ TTS GỒM VAT VÀ KPBT | I19: GIÁ VAY GỒM VAT VÀ KPBT | J19: CSBH | K19: GHI CHÚ | L19: PTG+ CHỈ CĂN
A20: 1 | B20: L2 | C20: HH-B-15-08A | E20: 1BR | F20: 47.9 | G20: 7893 | H20: 6858 | I20: 8594 | J20: 46160 | L20: https://drive.google.com/drive/folders/1vhV4Lk9ctSARFkyfd6DFDAjpspFaDxBe
A21: 2 | B21: L2 | C21: HH-B-04-26 | E21: 2BR+1MR | F21: 105.1 | G21: 16.141 | H21: 14.022 | I21: 17.575 | J21: 46160 | L21: https://drive.google.com/drive/folders/1lCIAQvfMhmDsp33--k3o4vcv411fer-F | M21: 4
A22: 3 | B22: L2 | C22: HH-B-11-12 | E22: 1BR | F22: 52 | G22: 9.168 | H22: 7.966 | I22: 9.981 | J22: 46160 | L22: https://drive.google.com/drive/folders/1ShUwHMj7ytGMKYrwehdeMXudM0fe8NRX | M22: 11
A23: 4 | B23: L2 | C23: HH-B-14-24 | E23: 1BR | F23: 46.9 | G23: 8.048 | H23: 6.993 | I23: 8.762 | J23: 46160 | L23: https://drive.google.com/drive/folders/1WRDUIO5ihypejn1bcCApNpEBJfpGAblJ | M23: 14
A24: 5 | B24: L2 | C24: HH-B-30-09 | E24: 2BR | F24: 83.4 | G24: 15,480 | H24: 13.452 | I24: 16.854 | J24: 46160 | L24: https://drive.google.com/drive/folders/1BtpD2Yxie4MRybxJfGcGCFJ8BeHDYzlx | M24: 30
A25: 6 | B25: L2 | C25: HH-B-09-16 | E25: 2BR | F25: 74.7 | G25: 11,7420 | H25: 10.201 | I25: 12.785 | J25: 46160 | L25: https://drive.google.com/drive/folders/1PmxCDQxMNpMcQPuue77Dw1EflyCK_43E | M25: 9
A26: 7 | B26: L2 | C26: HH-B-38-26 | E26: 2BR+1MR | F26: 107.2 | G26: 18.66 | H26: 16.213 | I26: 20.316 | J26: 46160 | L26: https://drive.google.com/drive/folders/1sFecg5xfDWaOMNH5vE-UU9KdQKFGocE5
A27: 8 | B27: L2 | C27: HH-B-39-15A | E27: 3BR+1MR | F27: 127.5 | G27: 23.385 | H27: 20.321 | I27: 25.461 | J27: 46160 | L27: https://drive.google.com/drive/folders/1v0P-Tyi3tpQSUT_Fo0oFSZ1npHAtfsJ2
A28: 9 | B28: L2 | C28: HH-B-41-06 | E28: 1BR | F28: 48.3 | G28: 7.678 | H28: 6.671 | I28: 8.361 | J28: 46160 | L28: https://drive.google.com/drive/folders/11BzRppv0AHjB3QxAITUdhsemt47j7Tu3
A29: 10 | B29: L2 | C29: HH-B-41-08 | E29: 2BR+1MR | F29: 97.8 | G29: 16.657 | H29: 14.473 | I29: 18.136 | J29: 46160 | L29: https://drive.google.com/drive/folders/18GFG-0137Jaaj4aY8lmtfYuekzsP98HE
A30: 11 | B30: L2 | C30: HH-B-07-12A | E30: 2BR | F30: 76.3 | G30: 12410 | H30: 10782 | I30: 13512 | J30: 46160 | L30: https://drive.google.com/drive/folders/1KXnxNijiztr68nFuYrhxhRy7l_3CX9LC
A31: 12 | B31: L2 | C31: HH-B-13-11 | E31: 1BR+1MR | F31: 76.1 | G31: 12.956 | H31: 11.257 | I31: 14.106 | J31: 46160 | K31: CHECK AD | L31: https://drive.google.com/drive/folders/1W70DmjamZ0U6t3Y0pw6dumcy5vmAhpB2 | M31: 13
A32: 13 | B32: L2 | C32: HH-B-16-25 | E32: 1BR | F32: 48.5 | G32: 8.414 | H32: 7.311 | I32: 9.161 | J32: 46160 | K32: CHECK AD | L32: https://drive.google.com/drive/folders/17G3myVI8yGMS3FCZluQn0CyHre-urpc2 | M32: 16
A33: 14 | B33: L2 | C33: HH-B-19-22 | E33: 1BR | F33: 47.9 | G33: 8.706 | H33: 7.565 | I33: 9.478 | J33: 46160 | K33: CHECK AD | L33: https://drive.google.com/drive/folders/1kBPEONS-7qKyPVx1m3rG0j2AeHdxVVTV | M33: 19
A34: 15 | B34: L2 | C34: HH-B-20-05A | E34: 2BR | F34: 74.7 | G34: 12.623 | H34: 10.968 | I34: 13.744 | J34: 46160 | K34: CHECK AD | L34: https://drive.google.com/drive/folders/1Qv_Xto904CEgyW2TmLtE5xB_cr3U9BUC | M34: 20
A35: 16 | B35: L2 | C35: HH-B-21-02 | E35: 1BR | F35: 49.4 | G35: 8.601 | H35: 7.473 | I35: 9.364 | J35: 46160 | K35: CHECK AD | L35: https://drive.google.com/drive/folders/1y4pN8MRKieJnC6z0dSOLQPpH9_B9vl_t | M35: 21
A36: 17 | B36: L2 | C36: HH-B-22-25 | E36: 1BR | F36: 48.5 | G36: 8.743 | H36: 7.597 | I36: 9.519 | J36: 46160 | K36: CHECK AD | L36: https://drive.google.com/drive/folders/1Kb4fQejHzAKPKG9Mvvx7pQnM5E31ops1 | M36: 22
A37: 18 | B37: L2 | C37: HH-B-27-03 | E37: 2BR | F37: 79 | G37: 13.815 | H37: 12.004 | I37: 15.041 | J37: 46160 | K37: CHECK AD | L37: https://drive.google.com/drive/folders/1bm_t_O8p2XIbnrKWBKGY2atxXMi5TaBS | M37: 27
A38: 19 | B38: L2 | C38: HH-B-29-16 | E38: 2BR | F38: 75 | G38: 13.085 | H38: 11,370 | I38: 14.247 | J38: 46160 | K38: CHECK AD | L38: https://drive.google.com/drive/folders/19AefhgPPTA1NwnYs8UDkv089SG1bEa63 | M38: 29
A39: 20 | B39: L2 | C39: HH-B-31-05A | E39: 2BR | F39: 74.7 | G39: 12.647 | H39: 10.989 | I39: 13.771 | J39: 46160 | K39: CHECK AD | L39: https://drive.google.com/drive/folders/1LFxYDCLK_eh8ZsvPIT2JJS_uozt4dv-U
A40: 21 | B40: L2 | C40: HH-B-31-05 | E40: 1BR | F40: 47.7 | G40: 8.261 | H40: 7.178 | I40: 8.994 | J40: 46160 | K40: CHECK AD | L40: https://drive.google.com/drive/folders/1dARPwE0mq5Tn4NuC74jhAzSafdORFkKa
A41: 22 | B41: L2 | C41: HH-B-31-21 | E41: 1BR | F41: 48.5 | G41: 8.79 | H41: 7.638 | I41: 9.571 | J41: 46160 | K41: CHECK AD | L41: https://drive.google.com/drive/folders/1jBGrIdGwYjowR65HGHQgKWF6YY6aFZRS
A42: 23 | B42: L2 | C42: HH-B-32-08A | E42: 1BR | F42: 47.9 | G42: 8.164 | H42: 7.093 | I42: 8.889 | J42: 46160 | K42: CHECK AD | L42: https://drive.google.com/drive/folders/16wUbkZmsfG02ydOogK9JTUQqkymM-4WJ
A43: 24 | B43: L2 | C43: HH-B-32-12A | E43: 2BR | F43: 76.9 | G43: 14.109 | H43: 12.261 | I43: 15.361 | J43: 46160 | K43: CHECK AD | L43: https://drive.google.com/drive/folders/1tqdvR1IILPxNOMYXgu3Qo3K3AedGlAQq
A44: 25 | B44: L2 | C44: HH-B-33-11 | E44: 1BR+1MR | F44: 76.1 | G44: 13.976 | H44: 12.145 | I44: 15.216 | J44: 46160 | K44: CHECK AD | L44: https://drive.google.com/drive/folders/1odTXni3LKd00xO7zIZ75ey0hd_PIs1Cx
A45: 26 | B45: L2 | C45: HH-B-33-15 | E45: 2BR+1MR | F45: 101.7 | G45: 18.12 | H45: 15.745 | I45: 19.728 | J45: 46160 | K45: CHECK AD | L45: https://drive.google.com/drive/folders/1I-xu-QL12VDVZTM-420_UcjDrCvikR5i
A46: 27 | B46: L2 | C46: HH-B-34-01 | E46: 2BR+1MR | F46: 97.8 | G46: 17.431 | H46: 15.146 | I46: 18.978 | J46: 46160 | K46: CHECK AD | L46: https://drive.google.com/drive/folders/1-dLtmZ0tu5srY2KJ0P-kyUMUz6pOC1x5
A47: 28 | B47: L2 | C47: HH-B-35-18 | E47: 2BR | F47: 79.6 | G47: 13.623 | H47: 11.837 | I47: 14.833 | J47: 46160 | K47: CHECK AD | L47: https://drive.google.com/drive/folders/1xng4PPlbYcCbZBloUBYNWO8Li09FUAXu
A48: 29 | B48: L2 | C48: HH-B-37-02 | E48: 1BR | F48: 49.6 | G48: 8.227 | H48: 7.148 | I48: 8.957 | J48: 46160 | K48: CHECK AD | L48: https://drive.google.com/drive/folders/1QM6-zjMXP7iAUNVcsdg_yunB-CnAI5J5
A49: 30 | B49: L2 | C49: HH-B-37-18A | E49: 2BR | F49: 79.1 | G49: 13.283 | H49: 11.541 | I49: 14.462 | J49: 46160 | K49: CHECK AD | L49: https://drive.google.com/drive/folders/15jL8HIQyNmTkmDvg6B0THq-J2IZjmOMY
A50: 0 | B50: L2 | C50: HH-B-08-19 | E50: 2BR | F50: 78.9 | G50: 12612 | H50: 10958 | I50: 13733 | J50: 46160 | K50: ĐÃ BÁN | L50: https://drive.google.com/drive/folders/1-XUKXXh72WpfG9h3fsg_3JRegZKpLv9s
A51: 0 | B51: L2 | C51: HH-B-16-06 | E51: 1BR | F51: 48 | G51: 8.096 | H51: 7.034 | I51: 8.814 | J51: 46160 | K51: ĐÃ BÁN | L51: https://drive.google.com/drive/folders/19ure6W5F4CDCcNhe_yb3_otCsXE_b1DF | M51: 16

Sheet Độc quyền MEL
A1: HP- MASTERI ERA LANDMARK QUỸ SƠ CẤP - THE VISION
A2: STT | B2: Tên tòa | C2: Mã căn | D2: LOẠI CĂN | E2: Diện tích tim tường (m2) | F2: Diện tích thông thủy (m2) | G2: Giá chưa VAT & KPBT | H2: Giá tiến độ | I2: Giá TTS | J2: Giá Vay | K2: Giá Vay ko EB | L2: CSBH | M2: GHI CHÚ | N2: PTG + CHỈ CĂN
A3: 1 | B3: V1 | C3: C2Z1-25-18A | D3: 2 BR+ | E3: 72, 5 | F3: 66, 4 | G3: 5130757482 | H3: 5332 | I3: 4935 | J3: 5672 | K3: 5724 | L3: 45992 | M3: Kí CN VBTT Đóng 10% ĐL check AD | N3: https://drive.google.com/drive/folders/1EjkHleCEv3nCJ8vY73qy0dW-lTePQB5y
A4: 2 | B4: V2 | C4: C2Z2-14-08 | D4: 2 BR | E4: 64, 0 | F4: 59, 1 | G4: 4340764625 | H4: 4506 | I4: 4171 | J4: 4794 | K4: 4842 | L4: 45992 | M4: Kí CN VBTT Đóng 10% ĐL check AD | N4: https://drive.google.com/drive/folders/1EjkHleCEv3nCJ8vY73qy0dW-lTePQB5y
A5: 3 | C5: C2Z2-14-09 | D5: 2 BR | E5: 64, 0 | F5: 59, 2 | G5: 4328433042 | H5: 4494 | I5: 4159 | J5: 4781 | K5: 4829 | L5: 45992 | M5: Kí CN VBTT Đóng 10% ĐL check AD | N5: https://drive.google.com/drive/folders/1csxVY6zALSpuX-TtqZbNE5vn0OZe3IxS
A6: 4 | C6: C2Z2-14-12 | D6: 2 BR | E6: 64, 0 | F6: 58, 8 | G6: 4280113446 | H6: 4443 | I6: 4112 | J6: 4727 | K6: 4775 | L6: 45992 | M6: Kí CN VBTT Đóng 10% ĐL check AD | N6: https://drive.google.com/drive/folders/15S_Aqizz2TM53ZVxP6iXOERdkZQpHlAs
A7: 5 | C7: C2Z2-14-06 | D7: 3 BR | E7: 90, 0 | F7: 83, 8 | G7: 6354497519 | H7: 6597 | I7: 6106 | J7: 7018 | K7: 7089 | L7: 45992 | M7: Kí CN VBTT Đóng 10% ĐL check AD | N7: https://drive.google.com/drive/folders/1wcvjTtcudcfXmBv_g_Z9jl8xpgyPlZ17
C8: C2Z1-25-16 | D8: 2 BR+ | E8: 73, 7 | F8: 67, 0 | G8: 4,726,335,105 | H8: 4, 911 | I8: 4, 546 | J8: 5, 225 | L8: 45992 | M8: Kí CN VBTT Đóng 10% ĐL check AD | N8: https://drive, google, com/drive/folders/1SIyt1JLnol_eCZNgfl1KvmUSJxCNfzJO
A9: 3 | B9: V3 | C9: C2Z3-05-12A | D9: 2 BR+ | E9: 73, 1 | F9: 67, 6 | G9: 4,520,605,809 | H9: 4, 698 | I9: 4, 348 | J9: 4, 997 | L9: 45992 | M9: Kí VBTT ĐÃ BÁN
A10: 4 | B10: V3 | C10: C2Z3-05-05 | D10: STUDIO | F10: 30, 6 | G10: 2078666874 | H10: 2, 158 | I10: 1, 997 | J10: 2, 296 | L10: 45992 | M10: Kí VBTT
A11: 5 | B11: V3 | C11: C2Z3-05-15 | D11: 2 BR+ | E11: 73, 3 | F11: 66, 6 | G11: 4,654,728,479 | H11: 4, 837 | I11: 4, 477 | J11: 5, 146 | L11: 45992 | M11: Kí VBTT ĐÃ BÁN
A12: 7 | C12: C2Z2-14-05 | D12: 2 BR | E12: 65, 6 | F12: 59, 8 | G12: 4,233,273,814 | H12: 4, 395 | I12: 4, 067 | J12: 4, 676 | L12: 45992 | M12: Kí VBTT khóa căn | N12: https://drive, google, com/drive/folders/1hryCDC1LZrDKqanbsuvazYOrSsaA6Sop
A13: 1 | B13: S2 | C13: C1Z2-17-19 | D13: 1BR+ | F13: 48, 4 | G13: 3279269158 | H13: 3, 404 | I13: 3, 078 | J13: 3, 622 | L13: 45967 | M13: KÍ HĐMB
A14: 3 | B14: V2 | C14: C2Z2-14-12A | D14: STUDIO | F14: 32 | G14: 2420812572 | H14: 2, 513 | I14: 2, 326 | J14: 2, 674 | L14: 45992 | M14: đã bán
A15: 3 | C15: C2Z2-14-11 | D15: 1 BR+ | E15: 52, 6 | F15: 47, 7 | G15: 3,479,859,626 | H15: 3, 613 | I15: 3, 342 | J15: 3, 843 | L15: 45992 | M15: Kí CN VBTT Đóng 10% ĐL check AD | N15: https://drive, google, com/drive/folders/1sveK9U8mVBmRQodbevK4bB1g4yoZ3Igq
A16: 7 | B16: V3A | C16: C2Z4-07-15A | D16: STUDIO | E16: 31.2 | F16: 27.3 | G16: 1, 938, 186, 842 | H16: 2, 012 | I16: 1, 862 | J16: 2, 140 | L16: 46054 | M16: chech admin | N16: https://drive, google, com/drive/folders/1kfhmL25uHWd6eVc4cy80-h7-OZ2fk66r
A17: 3 | B17: V2 | C17: C2Z2-14-19 | D17: 1 BR+ | E17: 53, 1 | F17: 48, 1 | G17: 3,324,168,201 | H17: 3, 451 | I17: 3, 194 | J17: 3, 671 | L17: 45992 | M17: Kí CN VBTT Đóng 10% ĐL check AD | N17: https://drive, google, com/drive/folders/1IUaEcZylu0YY-slCcg8Mh-ZJgp_8jB4w
A18: 7 | C18: C2Z2-14-18 | D18: 1 BR+ | E18: 51, 4 | F18: 46, 9 | G18: 3,266,984,729 | H18: 3, 392 | I18: 3, 139 | J18: 3, 608 | L18: 45992 | M18: Kí CN VBTT Đóng 10% ĐL check AD | N18: https://drive, google, com/drive/folders/13wfOo376BtAiQrbgCzJfWBIE0Dw2g9g0
A19: 7 | C19: C2Z2-14-18A | D19: 1 BR+ | E19: 53, 1 | F19: 48, 2 | G19: 3,340,568,046 | H19: 3, 468 | I19: 3, 209 | J19: 3, 689 | L19: 45992 | M19: Kí VBTT | N19: https://drive, google, com/drive/folders/1EOPzXHsKUjFK0guI8xh06KLtYDJ3yaKb
A20: 7 | C20: C2Z2-14-15 | D20: 2 BR+ | E20: 73, 7 | F20: 67, 0 | G20: 4,691,935,362 | H20: 4, 871 | I20: 4, 508 | J20: 5, 182 | L20: 45992 | M20: Kí VBTT | N20: https://drive, google, com/drive/folders/19hkoDLPsI5-4aaWIDCkzZbKGvgWIJasI
A21: 7 | C21: C2Z2-14-05A | D21: STUDIO | F21: 30, 3 | G21: 2177917446 | H21: 2, 261 | I21: 2, 092 | J21: 2, 405 | L21: 45992 | M21: Kí VBTT
A22: 7 | B22: V3A | C22: C2Z4-10-10 | D22: 2 BR | E22: 64, 70 | F22: 60, 30 | G22: 4,242,629,731 | H22: 4, 404 | I22: 4, 076 | J22: 4, 686 | L22: 45992 | M22: Kí VBTT | N22: https://drive, google, com/drive/folders/1vsTp1hf7QC5qAdtK6YONa06iFbyQCjTt
A23: 7 | C23: C2Z2-14-03 | D23: 2 BR | E23: 65, 6 | F23: 60, 1 | G23: 4,115,072,963 | H23: 4, 272 | I23: 3, 953 | J23: 4, 545 | L23: 45992 | M23: Kí VBTT khóa căn | N23: https://drive, google, com/drive/folders/1TPDRpXeczN-VQ1Hwmckud2yaKmZf6Bo4
A24: 7 | C24: C2Z4-10-05A | D24: 3 BR | E24: 98, 00 | F24: 90, 80 | G24: 6,367,156,596 | H24: 6, 610 | I24: 6, 117 | J24: 7, 032 | L24: 45992 | M24: Kí VBTT | N24: https://drive, google, com/drive/folders/1nvJg41A-TED0SM0k5Y9KNBpOREFTgX6T
A25: 7 | C25: C2Z4-10-21 | D25: 2 BR | E25: 64, 90 | F25: 59, 40 | G25: 4,120,529,530 | H25: 4, 278 | I25: 3, 959 | J25: 4, 551 | L25: 45992 | M25: Kí VBTT đã bán | N25: https://drive, google, com/drive/folders/17lWsat45li38JYs0e1ZF8gw1ypptE5Np
A26: 7 | C26: C2Z2-14-10 | D26: 2 BR+ | E26: 74, 1 | F26: 67, 1 | G26: 4,987,393,434 | H26: 5, 118 | I26: 4, 792 | J26: 5, 509 | L26: 45992 | M26: Kí VBTT | N26: https://drive, google, com/drive/folders/1IfteqvbBEzJpWU0gbYxh4cQAzGwgyl-L
A27: 7 | B27: V2 | C27: C2Z2-14-01 | D27: STUDIO | E27: 34, 3 | F27: 30, 2 | G27: 2,160,862,639 | H27: 2, 243 | I27: 2, 076 | J27: 2, 387 | L27: 45992 | M27: Kí VBTT check AD | N27: https://drive, google, com/drive/folders/1ELgRF-w8GcwzkAEFHp-mLWjU200hu8FA
A28: 7 | C28: C2Z2-14-20 | D28: 2 BR | E28: 64, 7 | F28: 59, 6 | G28: 4,160,158,732 | H28: 4, 319 | I28: 3, 997 | J28: 4, 595 | L28: 45992 | M28: Kí VBTT | N28: https://drive, google, com/drive/folders/1iqSj4BtTp8gRTCAL_vawewMYdjU1T7H1
A29: 7 | C29: C2Z2-14-08A | D29: 1 BR+ | E29: 53, 5 | F29: 48, 2 | G29: 3,579,721,070 | H29: 3, 716 | I29: 3, 439 | J29: 3, 954 | L29: 45992 | M29: Kí VBTT | N29: https://drive, google, com/drive/folders/1JnrLqdcwQdxQlC-NQ_qrwNegb5hh1KVD
A30: 7 | B30: V1 | C30: C2Z1-25-18 | D30: STUDIO | F30: 32 | G30: 2482943424 | H30: 2, 578 | I30: 2, 386 | J30: 2, 743 | L30: 45992 | M30: Kí CN VBTT Đóng 10% ĐL ĐÃ BÁN | N30: https://drive, google, com/drive/folders/1Nudtr7_TEseo5-DXqx4E_UoctFe5MBnA
A31: 7 | C31: C2Z4-10-11 | D31: 1 BR+ | E31: 49, 30 | F31: 45, 20 | G31: 3,084,877,536 | H31: 3, 202 | I31: 2, 964 | J31: 3, 407 | L31: 45992 | M31: Kí VBTT | N31: https://drive, google, com/drive/folders/15crPLl0rZxz8l0CGYrXx5_mY3fOAZ8lQ
A32: 7 | C32: C2Z2-14-16 | D32: STUDIO | E32: 33, 5 | F32: 29, 8 | G32: 2,138,648,077 | H32: 2, 220 | I32: 2, 055 | J32: 2, 362 | L32: 45992 | M32: Kí VBTT Đã bán
A33: 7 | C33: C2Z4-10-18 | D33: 1 BR+ | E33: 51, 60 | F33: 46, 80 | G33: 3,224,071,984 | H33: 3, 347 | I33: 3, 097 | J33: 3, 561 | L33: 45992 | M33: Kí VBTT đã bán | N33: https://drive, google, com/drive/folders/17-r-It4qLzJmzT0gJoQTOrME_3Lv0D1d
A34: 7 | C34: C2Z4-10-08A | D34: 2 BR | E34: 62, 90 | F34: 57, 90 | G34: 4,017,882,260 | H34: 4, 171 | I34: 3, 860 | J34: 4, 438 | L34: 45992 | M34: Kí VBTT đã bán | N34: https://drive, google, com/drive/folders/15FEQZKrJiSvU4QOW2u4UoOJttCjcYhy-
A35: 7 | B35: V2 | C35: C2Z2-14-15A | D35: 2 BR+ | E35: 72, 5 | F35: 66, 4 | G35: 5,001,836,171 | H35: 5, 193 | I35: 4, 806 | J35: 5, 525 | L35: 45992 | M35: Kí VBTT đã bán

Sheet Độc quyền LEK
A1: HP - BẢNG HÀNG LUMIÈRE ESSENCE PEAK
A2: STT | B2: Tên tòa | C2: Mã căn | D2: LOẠI CĂN | E2: DT thông thủy (m2) | F2: Giá chưa VAT & KPBT | G2: Giá tiến độ | H2: Giá TTS | I2: Giá Vay | J2: CSBH | K2: GHI CHÚ | L2: PTG + CHỈ CĂN
A3: PEAK 1
A4: 1 | B4: PEAK 1 | C4: Y2-33-10 | D4: 1BR | E4: 36, 9 | F4: 5460105288 | G4: 5602 | H4: 5053 | I4: 6090 | J4: 46023 | K4: Kí CN VBTT Đóng 10% ĐL check AD | L4: https://drive, google, com/drive/folders/1dk5rQpE7OzrL73yl6Z9OmuNVhsy9P1aT
A5: 2 | B5: PEAK 1 | C5: Y2-33-12 | D5: 1BR | E5: 45, 8 | F5: 6682659268 | G5: 6856 | H5: 6185 | I5: 7453 | J5: 46023 | K5: Kí CN VBTT Đóng 10% ĐL check AD | L5: https://drive, google, com/drive/folders/1AGTerdsNcFM6zDL9k5aM9ECUjkyXZzb3
A6: 3 | B6: PEAK 1 | C6: Y2-16-20 | D6: 3BRL | E6: 92, 4 | F6: 16198598170 | G6: 16622 | H6: 14995 | I6: 18068 | J6: 46023 | K6: Kí CN VBTT Đóng 10% ĐL check AD | L6: https://drive, google, com/drive/folders/1knhFL5F6Ggx_-1HrN0cSe5MwVjXqUuxL?usp=drive_link
A7: PEAK 2
A8: 1 | B8: PEAK 2 | C8: Y3-09-12 | D8: 1BR+ | E8: 50 | F8: 7023239350 | G8: 7205 | H8: 6499 | I8: 7832 | J8: 46113 | L8: https://drive.google.com/drive/folders/1HThCbxDGKaJyHT5Hg8RO4N2lZMGf9EQA
A9: 2 | B9: PEAK 2 | C9: Y3-40-08 | D9: 1BR+ | E9: 50 | F9: 7064128600 | G9: 7247 | H9: 6537 | I9: 7878 | J9: 46113 | L9: https://drive.google.com/drive/folders/1XNpF3EAx7kMKpIiLJW5ofCTgitwei21c
A10: 3 | B10: PEAK 2 | C10: Y3-10-11 | D10: 2BR | E10: 72.9 | F10: 10136707894 | G10: 10399 | H10: 9380 | I10: 11304 | J10: 46113 | L10: https://drive.google.com/drive/folders/1rJGh2BJSrHEw0gOvrB9WRtyfBvydNmn0
A11: 4 | B11: PEAK 2 | C11: Y3-12-08A | D11: 2BR | E11: 78.3 | F11: 12255345698 | G11: 12574 | H11: 11343 | I11: 13669 | J11: 46113 | L11: https://drive.google.com/drive/folders/1hJfDJPNcfUQs-0s-75EWCplF7MMWrnoE
A12: 5 | B12: PEAK 2 | C12: Y3-12-15A | D12: 2BR | E12: 89 | F12: 12797606014 | G12: 13129 | H12: 11843 | I12: 14272 | J12: 46113 | L12: https://drive.google.com/drive/folders/1kP-8fKi90iVfkuwSK2L_2C4i2aivkWTn
A13: 6 | B13: PEAK 2 | C13: Y3-26-05A | D13: 2BR | E13: 86.1 | F13: 14708108268 | G13: 15092 | H13: 13614 | I13: 16406 | J13: 46113 | L13: https://drive.google.com/drive/folders/1YRxlofbDZbfMJY9R2UeN6mfnGbBiJfRx
A14: 7 | B14: PEAK 2 | C14: Y3-34-12 | D14: 2BR | E14: 89.6 | F14: 13176163571 | G14: 13518 | H14: 12194 | I14: 14695 | J14: 46113 | L14: https://drive.google.com/drive/folders/1kejCGyc3VFYaCVb67OwXIeUhoiZCceYF
A15: 8 | B15: PEAK 2 | C15: Y3-37-12A | D15: 2BR | E15: 89.6 | F15: 13933324070 | G15: 14296 | H15: 12896 | I15: 15541 | J15: 46113 | L15: https://drive.google.com/drive/folders/12LsNQRMVwvaco1ipoQ19XqjgTu0R8CA7
A16: 9 | B16: PEAK 2 | C16: Y3-12-10 | D16: 2BR+ | E16: 87.6 | F16: 12657890246 | G16: 12986 | H16: 11714 | I16: 14117 | J16: 46113 | L16: https://drive.google.com/drive/folders/1ljfRWQQY_QBkHfvFYa3WrMrPDr1Ar12z
A17: 10 | B17: PEAK 2 | C17: Y3-40-01 | D17: 3BR | E17: 114.4 | F17: 17220552492 | G17: 17668 | H17: 15937 | I17: 19206 | J17: 46113 | L17: https://drive.google.com/drive/folders/14Ap0Aox4J5x_3pewBJRLJV_G72A9Gi2T
A18: 11 | B18: PEAK 2 | C18: Y3-17-02 | D18: 3BRL | E18: 146.4 | F18: 27164744138 | G18: 27878 | H18: 25148 | I18: 30304 | J18: 46113 | L18: https://drive.google.com/drive/folders/1VOWMDfYCxRe6IPw3LnzY1HQkxuieUwz4
A19: 12 | B19: PEAK 2 | C19: Y3-22-03 | D19: 4BR-L | E19: 181.6 | F19: 36310123684 | G19: 37266 | H19: 33617 | I19: 40509 | J19: 46113 | L19: https://drive.google.com/drive/folders/1QONC50G5hsyylMznore498xPndwm3cRz
B20: PEAK 1 | C20: Y2-32-06 | D20: 2BR | E20: 58, 2 | F20: 8459955492 | G20: 8680 | H20: 7829 | I20: 9435 | J20: 46023 | K20: Kí CN VBTT Đóng 10% ĐL check AD | L20: https://drive, google, com/drive/folders/1omDxn-u3VmPmK7N5RHDdMqMTzHj7Fu83
B21: PEAK 1 | C21: Y2-06-21 | D21: 2BR | E21: 60, 9 | F21: 8501030026 | G21: 8721 | H21: 7867 | I21: 9481 | J21: 46023 | K21: Kí CN VBTT Đóng 10% ĐL check AD | L21: https://drive, google, com/drive/folders/1YwQ8xaOWJZoHKFp7D_18hGT_wK9fKy_V
B22: PEAK 1 | C22: Y2-39-05A | D22: 3BR | E22: 79, 4 | F22: 12316070418 | G22: 12637 | H22: 11399 | I22: 13737 | J22: 46023 | K22: Kí CN VBTT Đóng 10% ĐL check AD | L22: https://drive, google, com/drive/folders/1qv2QFZp0m-EE5vbZr-XZO9e6bxMaCDRv
B23: PEAK 2 | C23: Y3-05-12 | D23: 1BR+ | E23: 50 | F23: 6730199450 | G23: 6904 | H23: 6227 | I23: 7505 | J23: 46113 | K23: check admin | L23: https://drive.google.com/drive/folders/1URqNR6MS0W3i7hrGYCMECWYptEqTp30a
B24: PEAK 2 | C24: Y3-33-15A | D24: 1BR+ | E24: 50.3 | F24: 7874093082 | G24: 8079 | H24: 7287 | I24: 8782 | J24: 46113 | K24: check admin | L24: https://drive.google.com/drive/folders/1_n56nWIzd8BjAauwCQbIKHYqlh2fJwij
B25: PEAK 2 | C25: Y3-36-10 | D25: 2BR | E25: 89.6 | F25: 13078465434 | G25: 13418 | H25: 12103 | I25: 14586 | J25: 46113 | K25: check admin | L25: https://drive.google.com/drive/folders/1tJVDiAFKfEF7uD7n-cl6HkjUaeTjnSpq
B26: PEAK 2 | C26: Y3-05-09 | D26: 3BR | E26: 107.5 | F26: 16014879043 | G26: 16431 | H26: 14821 | I26: 17861 | J26: 46113 | K26: check admin | L26: https://drive.google.com/drive/folders/1z3XRg7qxv6YyOlQuYU_pymL3l-DE0jhN
B27: PEAK 2 | C27: Y3-37-01 | D27: 3BR | E27: 114.4 | F27: 17470031665 | G27: 17924 | H27: 16169 | I27: 19485 | J27: 46113 | K27: check admin | L27: https://drive.google.com/drive/folders/1FTeG1jxBRY3PPOYWs0bGO12XQ0S7HBZG
B28: PEAK 2 | C28: Y3-32-11 | D28: 1BR+ | E28: 49.7 | F28: 7299744009 | G28: 7489 | H28: 6755 | I28: 8141 | J28: 46113 | K28: check admin | L28: https://drive.google.com/drive/folders/1nPXNABZ523F2VntnOhYaHWPNEcOmN7_o
B29: PEAK 2 | C29: Y3-06-11 | D29: 2BR | E29: 72.9 | F29: 9788944568 | G29: 10042 | H29: 9058 | I29: 10916 | J29: 46113 | K29: check admin | L29: https://drive.google.com/drive/folders/16lyDIIHBCxOVZRIdXFdS-1hwd4Dhw7ky
B30: PEAK 2 | C30: Y3-30-01 | D30: 3BR | E30: 114.4 | F30: 18124914465 | G30: 18597 | H30: 16776 | I30: 20216 | J30: 46113 | K30: check admin | L30: https://drive.google.com/drive/folders/1Gl16Frp-eqWFSS9fmkUhaJS5en1s6lF6
B31: PEAK 1 | C31: Y2-31-09 | D31: Studio | E31: 34, 8 | F31: 5,096,777,446 | G31: 5, 229 | H31: 4, 717 | I31: 5, 684 | J31: 46023 | K31: CHECK AD | L31: https://drive, google, com/drive/folders/18x46FX_mSsODpxsUmvRzfmmwDFQAL427
B32: PEAK 1 | C32: Y2-06-01 | D32: 1BR | E32: 45, 3 | F32: 6,410,554,393 | G32: 6, 577 | H32: 5, 933 | I32: 7, 149 | J32: 46023 | K32: CHECK AD | L32: https://drive, google, com/drive/folders/1JobU6Mfz__qXFsE0QHs6KwAnpQmgNy_E
B33: PEAK 1 | C33: Y2-12-21 | D33: 2BR | E33: 60, 9 | F33: 8,869,160,843 | G33: 9, 099 | H33: 8, 208 | I33: 9, 892 | J33: 46023 | K33: CHECK AD | L33: https://drive, google, com/drive/folders/1ZgtPsrvJhA3s5VypFNuazMY-p6-T_rHB
B34: PEAK 1 | C34: Y2-07-02 | D34: 2BR | E34: 64, 8 | F34: 9,187,869,398 | G34: 9, 426 | H34: 8, 503 | I34: 10, 247 | J34: 46023 | K34: CHECK AD | L34: https://drive, google, com/drive/folders/1rH0gRSkE_NxABeg07rk2jlX142hUK0GP
B35: PEAK 1 | C35: Y2-31-01 | D35: 1BR | E35: 45, 7 | F35: 7,007,101,482 | G35: 7, 190 | H35: 6, 485 | I35: 7, 816 | J35: 46023 | K35: CHECK AD | L35: https://drive, google, com/drive/folders/1UaHIhmsqH5v-XZNdauvNjzi1oOBBDrk4
B36: PEAK 1 | C36: Y2-32-03 | D36: 1BR | E36: 45 | F36: 6,912,136,170 | G36: 7, 092 | H36: 6, 397 | I36: 7, 709 | J36: 46023 | K36: CHECK AD | L36: https://drive, google, com/drive/folders/1ZhyCHQGOhRb_W3NTSqWRgNdJjHTqsbYq
B37: PEAK 1 | C37: Y2-28-08 | D37: Studio | E37: 34, 8 | F37: 5,221,081,375 | G37: 5, 357 | H37: 4, 832 | I37: 5, 823 | J37: 46023 | K37: CHECK AD | L37: https://drive, google, com/drive/folders/1vj7QxrF_ZjPooGgHANTL15AasOukaPwq
A38: 0 | B38: PEAK 1 | C38: Y2-04-18 | D38: 2BR | E38: 61, 3 | F38: 8,287,375,956 | G38: 8, 502 | H38: 7, 669 | I38: 9, 242 | J38: 46023 | K38: CHECK AD | L38: https://drive, google, com/drive/folders/1qSK9gxnAFfFmak01tMYa41cjZeIIlbir
A39: 17 | B39: PEAK 1 | C39: Y2-34-15A | D39: 3BR | E39: 79, 6 | F39: 12,445,514,208 | G39: 12, 770 | H39: 11, 519 | I39: 13, 882 | J39: 46023 | K39: CHECK AD | L39: https://drive, google, com/drive/folders/12ZbgShuOmaGaNfwEHd-dyJxbnIm7ZI2c
A40: 2 | B40: PEAK 1 | C40: Y2-35-09 | D40: Studio | E40: 34, 8 | F40: 4,982,035,373 | G40: 5, 111 | H40: 4, 611 | I40: 5, 556 | J40: 46023 | K40: ĐÃ BÁN | L40: https://drive, google, com/drive/folders/18or6N9waNoVO-tiM1b7TnkyX40Tgqkn4
A41: 11 | B41: PEAK 1 | C41: Y2-23-15 | D41: 2BR | E41: 60, 7 | F41: 9632251672 | G41: 9, 883 | H41: 8, 915 | I41: 10, 744 | J41: 46023 | K41: ĐÃ BÁN | L41: https://drive, google, com/drive/folders/1XfEVYfvK9VbL1vtBaLsBaqmL_M3wTyRH
A42: 18 | B42: PEAK 1 | C42: Y2-37-15 | D42: 2BR | E42: 61, 1 | F42: 9,049,381,387 | G42: 9, 285 | H42: 8, 375 | I42: 10, 093 | J42: 46023 | K42: ĐÃ BÁN | L42: https://drive, google, com/drive/folders/1TukLUcxh3IG_kfrg8-GrNExpsXN9YwVJ
A43: 21 | B43: PEAK 1 | C43: Y2-09-19 | D43: 3BR-LIFT | E43: 92, 4 | F43: 15906632280 | G43: 16, 323 | H43: 14, 724 | I43: 17, 744 | J43: 46023 | K43: ĐÃ BÁN
A44: 4 | B44: PEAK 1 | C44: Y2-12-18A | D44: 2BR | E44: 65, 3 | F44: 9,527,896,292 | G44: 9, 775 | H44: 8, 818 | I44: 10, 627 | J44: 46023 | K44: ĐÃ BÁN | L44: https://drive, google, com/drive/folders/1iJZcW1fiHGKnY-nGTwkGWXnmgl7eSZqc
A45: 10 | B45: PEAK 1 | C45: Y2-11-11 | D45: 2BR | E45: 57, 1 | F45: 7,931,365,297 | G45: 8, 137 | H45: 7, 340 | I45: 8, 845 | J45: 46023 | K45: ĐÃ BÁN | L45: https://drive, google, com/drive/folders/1ni8PSGDUBySuVV3bDpMWgj_qpDa2EIBQ
A46: 11 | B46: PEAK 1 | C46: Y2-10-15 | D46: 2BR | E46: 60, 4 | F46: 8,796,343,430 | G46: 9, 025 | H46: 8, 141 | I46: 9, 811 | J46: 46023 | K46: ĐÃ BÁN | L46: https://drive, google, com/drive/folders/190kA3Inas-mFmvddCBOifJSdz8IUzR51
A47: 8 | B47: PEAK 1 | C47: Y2-30-19 | D47: 3BRL | E47: 93.1 | F47: 16,948,041,120 | G47: 17392 | H47: 15689 | I47: 18906 | J47: 46082 | K47: ĐÃ BÁN | L47: https://drive.google.com/drive/folders/15iy40-Nm0Sq4MFdLJm-koC7WMIYPA0lX
A48: 1 | B48: PEAK 1 | C48: Y2-40-08A | D48: 1BR | E48: 36, 9 | F48: 5,206,634,059 | G48: 5, 342 | H48: 4, 818 | I48: 5, 807 | J48: 46023 | K48: Kí CN VBTT Đóng 10% ĐL check AD | L48: https://drive, google, com/drive/folders/16Ua_X2X_J8bCdgLJfGMyyMcSGMP1ja2Z
B49: PEAK 1 | C49: Y2-23-06 | D49: 2BR | E49: 57, 7 | F49: 8, 640, 938, 972 | G49: 8, 866 | H49: 7, 997 | I49: 9, 638 | J49: 46023 | K49: CHECK AD | L49: https://drive, google, com/drive/folders/1yoqrQBJ4NqAS4Ik9T5xqH09cnP-ZnO4G

Sheet Độc quyền GRAND COAST-THE WAVE
A1: HP - BẢNG HÀNG MASTERI GRAND COAST - THE WAVE
A2: STT | B2: Tên tòa | C2: Mã căn | D2: LOẠI CĂN | E2: DT thông thủy (m2) | F2: Giá chưa VAT & KPBT | G2: Giá tiến độ | H2: Giá TTS | I2: Giá Vay | J2: Giá vay ko EB | K2: CSBH | L2: GHI CHÚ | M2: PTG + CHỈ CĂN
A3: THE WAVE - L1
A4: 1 | B4: C5L1 | C4: C5L1-16-08 | D4: 1BR+ | E4: 47.6 | F4: 3413401998 | G4: 3543 | H4: 3204 | I4: 3770 | J4: 3808 | K4: 46023 | L4: Kí CN VBTT Đóng 10% ĐL | M4: https://drive.google.com/open?id=1XZiWfdDLIt9YRFifq9Cw3QvJ55wysRRA&usp=drive_copy | N4: C5L1-16-08
A5: 2 | B5: C5L1 | C5: C5L1-16-12 | D5: 1BR+ | E5: 47.5 | F5: 3383682118 | G5: 3513 | H5: 3176 | I5: 3737 | J5: 3775 | K5: 46023 | L5: Kí CN VBTT Đóng 10% ĐL | M5: https://drive.google.com/open?id=1u6gwZiyV6bOzj0oHbCRNDb_jqn20svTW&usp=drive_copy | N5: C5L1-16-12
A6: 3 | B6: C5L1 | C6: C5L1-16-06 | D6: 1BR+ | E6: 46.3 | F6: 3268088093 | G6: 3393 | H6: 3067 | I6: 3609 | J6: 3646 | K6: 46023 | L6: Kí CN VBTT Đóng 10% ĐL | M6: https://drive.google.com/open?id=1uVISTBkJvOn2tPR13X7YDveO1HS2U-8v&usp=drive_copy | N6: C5L1-16-06
A7: 4 | B7: C5L1 | C7: C5L1-16-08A | D7: 1BR+ | E7: 46.3 | F7: 3236520660 | G7: 3360 | H7: 3038 | I7: 3574 | J7: 3611 | K7: 46023 | L7: Kí CN VBTT Đóng 10% ĐL | M7: https://drive.google.com/open?id=1UTxthTtRdfdNle8_tu4D_iLRqr4uTnm9&usp=drive_copy | N7: C5L1-16-08A
A8: 5 | B8: C5L1 | C8: C5L1-16-11 | D8: 2BR | E8: 65.7 | F8: 4535877017 | G8: 4709 | H8: 4257 | I8: 5010 | J8: 5060 | K8: 46023 | L8: Kí CN VBTT Đóng 10% ĐL | M8: https://drive.google.com/open?id=1zKXi7IcoHA1lrN5PerPe9hUpkFLEv7oe&usp=drive_copy | N8: C5L1-16-11
A9: 6 | B9: C5L1 | C9: C5L1-16-15A | D9: 2BR | E9: 65.7 | F9: 4549315295 | G9: 4723 | H9: 4270 | I9: 5024 | J9: 5075 | K9: 46023 | L9: Kí CN VBTT Đóng 10% ĐL | M9: https://drive.google.com/open?id=1o1_WgZBDRxtkiu0FKywVo1qvyg7zfphj&usp=drive_copy | N9: C5L1-16-15A
A10: 7 | B10: C5L1 | C10: C5L1-16-09 | D10: 2BR+ | E10: 73.5 | F10: 4929196650 | G10: 5117 | H10: 4627 | I10: 5444 | J10: 5499 | K10: 46023 | L10: Kí CN VBTT Đóng 10% ĐL | M10: https://drive.google.com/open?id=1IRSsT5r8k-33L-Rl-x6VsUAHUkYyRhGv&usp=drive_copy | N10: C5L1-16-09
A11: 8 | B11: C5L1 | C11: C5L1-16-10 | D11: 2BR+ | E11: 73.5 | F11: 4879084203 | G11: 5065 | H11: 4579 | I11: 5388 | J11: 5443 | K11: 46023 | L11: Kí CN VBTT Đóng 10% ĐL | M11: https://drive.google.com/open?id=1aSogI9d1O5rYHRrTjs3BhLE6UpnNqhd9&usp=drive_copy | N11: C5L1-16-10
A12: 9 | B12: C5L1 | C12: C5L1-16-16 | D12: 2BR+ | E12: 83.8 | F12: 5951099822 | G12: 6178 | H12: 5586 | I12: 6573 | J12: 6639 | K12: 46023 | L12: Kí CN VBTT Đóng 10% ĐL | M12: https://drive.google.com/open?id=1JKqJxTiTBbfOviATTbHc5iXzS54ZxA9m&usp=drive_copy | N12: C5L1-16-16
A13: 10 | B13: C5L1 | C13: C5L1-16-18A | D13: 3BR | E13: 106.4 | F13: 8348238377 | G13: 8668 | H13: 7837 | I13: 9221 | J13: 9315 | K13: 46023 | L13: Kí CN VBTT Đóng 10% ĐL | M13: https://drive.google.com/open?id=1bGmBxGiqZCB81R_eCV7sKhphReMUoI5d&usp=drive_copy | N13: C5L1-16-18A
A14: 11 | B14: C5L1 | C14: C5L1-16-03 | D14: 4BR | E14: 130.4 | F14: 9919354829 | G14: 10299 | H14: 9312 | I14: 10957 | J14: 11067 | K14: 46023 | L14: Kí CN VBTT Đóng 10% ĐL | M14: https://drive.google.com/open?id=1v4npyt3UGp1Glk3DAJwUQ9voCrSerHIv&usp=drive_copy | N14: C5L1-16-03
A15: THE WAVE - L2
A16: 1 | B16: C5L2 | C16: C5L2-11-10 | D16: 1BR | E16: 42.7 | F16: 3010327156 | G16: 3125 | H16: 2825 | I16: 3325 | J16: 3358 | K16: T1/2026 | L16: Kí CN VBTT Đóng 10% ĐL | M16: https://drive.google.com/drive/folders/1O1ShDhIRETd6UU9zILrFAnhGremoAKcb | N16: C5L2-11-10
A17: 2 | B17: C5L2 | C17: C5L2-04-16 | D17: 1BR+ | E17: 46.3 | F17: 3005026263 | G17: 3119 | H17: 2820 | I17: 3318 | J17: 3352 | K17: T1/2026 | L17: Kí CN VBTT Đóng 10% ĐL | M17: https://drive.google.com/drive/folders/1MOjmX3JdMVdto7oiKs0pVT4-6835NAud | N17: C5L2-04-16
A18: 3 | B18: C5L2 | C18: C5L2-04-03 | D18: 1BR+ | E18: 47.8 | F18: 3449376200 | G18: 3581 | H18: 3238 | I18: 3810 | J18: 3848 | K18: T1/2026 | L18: Kí CN VBTT Đóng 10% ĐL | M18: https://drive.google.com/drive/folders/1XYFyY13ZAJkZe9d6Ed_Vp_toWrxiyDgv | N18: C5L2-04-03
A19: 4 | B19: C5L2 | C19: C5L2-04-11 | D19: 1BR+ | E19: 47.5 | F19: 3097924920 | G19: 3216 | H19: 2907 | I19: 3421 | J19: 3456 | K19: T1/2026 | L19: Kí CN VBTT Đóng 10% ĐL | M19: https://drive.google.com/drive/folders/1H4eS-5o-yHCBFg4L2xM_yE87O1gQe67u | N19: C5L2-04-11
A20: 5 | B20: C5L2 | C20: C5L2-11-01 | D20: 1BR+ | E20: 47.8 | F20: 3568985948 | G20: 3705 | H20: 3350 | I20: 3942 | J20: 3982 | K20: T1/2026 | L20: Kí CN VBTT Đóng 10% ĐL | M20: https://drive.google.com/drive/folders/1GMqT-E186SXVi2pBFuzClWDg2qJ1h0Fg | N20: C5L2-11-01
A21: 6 | B21: C5L2 | C21: C5L2-11-15 | D21: 1BR+ | E21: 47.6 | F21: 3405407482 | G21: 3535 | H21: 3196 | I21: 3761 | J21: 3799 | K21: T1/2026 | L21: Kí CN VBTT Đóng 10% ĐL | M21: https://drive.google.com/drive/folders/1qwc2HtYt6DadKAgcTS-Njw6eWVGn1jZm | N21: C5L2-11-15
A22: 7 | B22: C5L2 | C22: C5L2-11-18A | D22: 1BR+ | E22: 46.3 | F22: 3239957185 | G22: 3363 | H22: 3041 | I22: 3578 | J22: 3614 | K22: T1/2026 | L22: Kí CN VBTT Đóng 10% ĐL | M22: https://drive.google.com/drive/folders/1sJyFEkJ8VrxkznGiRxxcKwN5pZ2ZNQlg | N22: C5L2-11-18A
A23: 8 | B23: C5L2 | C23: C5L2-04-18A | D23: 1BR+ | E23: 46.3 | F23: 2995371601 | G23: 3109 | H23: 2811 | I23: 3308 | J23: 3341 | K23: T1/2026 | L23: Kí CN VBTT Đóng 10% ĐL | M23: https://drive.google.com/drive/folders/1gDVkQg8I3Ond1eA6SqlLrjQcdZPuqPgD | N23: C5L2-04-18A
A24: 9 | B24: C5L2 | C24: C5L2-11-09 | D24: 2BR | E24: 65.7 | F24: 4512219038 | G24: 4684 | H24: 4235 | I24: 4983 | J24: 5034 | K24: T1/2026 | L24: Kí CN VBTT Đóng 10% ĐL | M24: https://drive.google.com/drive/folders/1LMMqoYrwbHxpRZdF_ilKnOkW7kJzPxrD | N24: C5L2-11-09
A25: 10 | B25: C5L2 | C25: C5L2-04-05A | D25: 2BR+ | E25: 72.9 | F25: 5053325065 | G25: 5246 | H25: 4743 | I25: 5581 | J25: 5638 | K25: T1/2026 | L25: Kí CN VBTT Đóng 10% ĐL | M25: https://drive.google.com/drive/folders/1x7BvItkdINlbHDSltstet092B-9KCpyB | N25: C5L2-04-05A
A26: 11 | B26: C5L2 | C26: C5L2-04-12A | D26: 2BR+ | E26: 73.5 | F26: 4404535496 | G26: 4572 | H26: 4134 | I26: 4864 | J26: 4913 | K26: T1/2026 | L26: Kí CN VBTT Đóng 10% ĐL | M26: https://drive.google.com/drive/folders/19nRLfcP-kP-vj8pP0_xeRolQ5J6NUeRa | N26: C5L2-04-12A
A27: 12 | B27: C5L2 | C27: C5L2-04-21 | D27: 2BR+ | E27: 72.8 | F27: 4869400463 | G27: 5055 | H27: 4570 | I27: 5378 | J27: 5432 | K27: T1/2026 | L27: Kí CN VBTT Đóng 10% ĐL | M27: https://drive.google.com/drive/folders/1HhX7J6euctWwKpvwgchEA-FgY3mfNQF6 | N27: C5L2-04-21
... A33: 1 | B33: C5L2 | C33: C5L2-11-22 | D33: STUDIO | E33: 32.6 | F33: 2455853877 | G33: 2549 | H33: 2305 | I33: 2712 | J33: 2740 | K33: T1/2026 | L33: Kí CN VBTT Đóng 10% ĐL | M33: https://drive.google.com/drive/folders/1_Bs9z1q6BZXj5CjxBKrMckctod2TNmp0 | N33: C5L2-11-22
B34: C5L2 | C34: C5L2-04-12 | D34: 2BR | E34: 65.7 | F34: 4150163576 | G34: 4331 | H34: 3918 | J34: 4630 | K34: 46132 | L34: check admin | M34: https://drive.google.com/drive/folders/1x1lJIO3w6A_gDaDFgZelhHF42wzz6S3P
A35: 6 | B35: C5L1 | C35: C5L1-16-05A | D35: 2BR | E35: 70.7 | F35: 5033809387 | G35: 5226 | H35: 4725 | I35: 5560 | J35: 5616 | K35: 46023 | L35: Kí CN VBTT Đóng 10% ĐL | M35: https://drive, google, com/open?id=1cLtrmzoFF2foYA4j0huszEUuVCjqkQ0B&usp=drive_copy | N35: C5L1-16-05A
B36: C5L2 | C36: C5L2-04-06 | D36: 3BR | E36: 106.4 | F36: 7, 634, 513, 454 | G36: 7, 926 | H36: 7, 166 | I36: 8, 432 | K36: T1/2026 | L36: check admin | M36: https://drive, google, com/drive/folders/1NJbgnNEOw-AoY86zVvP-XCUa9mGT2El-
B37: C5L2 | C37: C5L2-04-09 | D37: 2BR | E37: 65.7 | F37: 4, 165, 150, 510 | G37: 4, 323 | H37: 3, 909 | I37: 4, 600 | K37: T1/2026 | L37: check admin | M37: https://drive, google, com/drive/folders/1L8C_X3seSLbAdyiS_qoUHpfGp_fkBayK
B38: C5L2 | C38: C5L2-04-15A | D38: 2BR+ | E38: 73.5 | F38: 4, 481, 168, 360 | G38: 4, 651 | H38: 4, 206 | I38: 4, 949 | K38: T1/2026 | L38: check admin | M38: https://drive, google, com/drive/folders/19NWqvHR4Efxy3xnG9aG7CN8MF5v9tjzr
B39: C5L2 | C39: C5L2-04-19 | D39: 2BR | E39: 70.7 | F39: 4, 633, 053, 436 | G39: 4, 809 | H39: 4, 348 | I39: 5, 117 | K39: T1/2026 | L39: check admin | M39: https://drive, google, com/drive/folders/1tiuhyehq-aXhXzt66Lk-GAy_zEDTGYmX
B40: C5L2 | C40: C5L2-04-20 | D40: 4BR | E40: 130.4 | F40: 8, 921, 267, 230 | G40: 9, 262 | H40: 8, 374 | I40: 9, 853 | K40: T1/2026 | L40: check admin | M40: https://drive, google, com/drive/folders/1fWMXp5wL5w_GB9dz-PiHpgIXgMYpYvSP
B41: C5L2 | C41: C5L2-11-08A | D41: 2BR+ | E41: 83.8 | F41: 5, 860, 524, 089 | G41: 6, 084 | H41: 5, 501 | I41: 6, 473 | K41: T1/2026 | L41: check admin | M41: https://drive, google, com/drive/folders/1SJ_kOjuVyS7gQ7Z6mrBpsVmoaaYNxFeA
B42: C5L2 | C42: C5L2-11-12A | D42: 2BR+ | E42: 73.5 | F42: 4, 792, 808, 580 | G42: 4, 975 | H42: 4, 498 | I42: 5, 293 | K42: T1/2026 | L42: check admin | M42: https://drive, google, com/drive/folders/1vBK1OISd1TMDQUFMp7wyyBGRwoMmh2V4
B43: C5L2 | C43: C5L2-11-16 | D43: 1BR+ | E43: 46.3 | F43: 3, 249, 611, 893 | G43: 3, 373 | H43: 3, 050 | I43: 3, 589 | K43: T1/2026 | L43: check admin | M43: https://drive, google, com/drive/folders/1ZeFij-vgzt0_cAqE1D1n56ccodC2_NHj
B44: C5L2 | C44: C5L2-04-22 | D44: STUDIO | E44: 32.6 | F44: 2, 283, 640, 236 | G44: 2, 370 | H44: 2, 143 | I44: 2, 522 | K44: T1/2026 | L44: Kí CN VBTT Đóng 10% ĐL | M44: https://drive, google, com/drive/folders/1E8Xc0hAFWNxzSnrBvwNccnnlB7e3MCrM
A45: 11 | B45: C5L2 | C45: C5L2-11-12 | D45: 2BR | E45: 65.7 | F45: 4, 484, 818, 919 | G45: 4, 656 | H45: 4, 209 | I45: 4, 953 | K45: T1/2026 | L45: đã bán | M45: https://drive, google, com/drive/folders/1wlR9E_lZEKuUTFB60l1yDECkTvZbO5xZ | N45: 12 | O45: C5L3 | P45: C5L2-11-13 | Q45: 2BR | R45: 66.7 | S45: 4, 484, 818, 920 | T45: 4, 656 | U45: 4, 209 | V45: 4, 953 | W45: T1/2027 | X45: đã bán | Y45: https://drive, google, com/drive/folders/1wlR9E_lZEKuUTFB60l1yDECkTvZbO5xZ
A46: 1 | B46: C5L2 | C46: C5L2-04-02 | D46: STUDIO | E46: 31 | F46: 2, 291, 956, 883 | G46: 2, 379 | H46: 2, 151 | I46: 2, 531 | K46: T1/2026 | L46: Kí CN VBTT Đóng 10% ĐL | M46: https://drive, google, com/drive/folders/1nf0p3lhvyYfPXx6LoYunmRW9PUQkNMNk | N46: 2 | O46: C5L3 | P46: C5L2-04-03 | Q46: STUDIO | R46: 32 | S46: 2, 291, 956, 884 | T46: 2, 379 | U46: 2, 151 | V46: 2, 531 | W46: T1/2027 | X46: Kí CN VBTT Đóng 10% ĐL | Y46: https://drive, google, com/drive/folders/1nf0p3lhvyYfPXx6LoYunmRW9PUQkNMNk
A47: 1 | B47: C5L2 | C47: C5L2-04-05 | D47: STUDIO | E47: 30.7 | F47: 2, 280, 817, 972 | G47: 2, 368 | H47: 2, 141 | I47: 2, 519 | K47: T1/2026 | L47: Kí CN VBTT Đóng 10% ĐL | M47: https://drive, google, com/drive/folders/13w1EL4J8R-u1C_r8-iSdtIpaHai0RCPU | N47: 2 | O47: C5L3 | P47: C5L2-04-06 | Q47: STUDIO | R47: 31.7 | S47: 2, 280, 817, 973 | T47: 2, 368 | U47: 2, 141 | V47: 2, 519 | W47: T1/2027 | X47: Kí CN VBTT Đóng 10% ĐL | Y47: https://drive, google, com/drive/folders/13w1EL4J8R-u1C_r8-iSdtIpaHai0RCPU
A48: 24 | B48: C5L2 | C48: C5L2-11-05A | D48: 2BR+ | E48: 72.9 | F48: 5, 463, 764, 312 | G48: 5, 672 | H48: 5, 129 | I48: 6, 035 | K48: T1/2026 | M48: https://drive, google, com/drive/folders/17FxFBJhwKgOMKV2KRY1qlbUoI4Me6Kpo | N48: 25 | O48: C5L3 | P48: C5L2-11-05A | Q48: 2BR+ | R48: 73.9 | S48: 5, 463, 764, 313 | T48: 5, 414 | U48: 5, 957 | V48: 6, 036 | W48: T1/2027 | Y48: https://drive, google, com/drive/folders/17FxFBJhwKgOMKV2KRY1qlbUoI4Me6Kpo
A49: 6 | B49: C5L2 | C49: C5L2-04-10 | D49: 1BR | E49: 42.6 | F49: 2, 778, 372, 298 | G49: 2, 884 | H49: 2, 607 | I49: 3, 068 | K49: T1/2026 | L49: ĐÃ BÁN | M49: https://drive, google, com/drive/folders/17fFfmJSf1Y8Axst_7iPOu_MwF1Jbevka | N49: 7 | O49: C5L3 | P49: C5L2-04-11 | Q49: 1BR | R49: 43.6 | S49: 2, 778, 372, 299 | T49: 2, 330 | U49: 2, 053 | V49: 3, 069 | W49: T1/2027 | X49: ĐÃ BÁN | Y49: https://drive, google, com/drive/folders/17fFfmJSf1Y8Axst_7iPOu_MwF1Jbevka
B50: C5L2 | C50: C5L2-11-19 | D50: 2BR | E50: 70.7 | F50: 5, 006, 535, 165 | G50: 5, 197 | H50: 4, 699 | I50: 5, 530 | K50: T1/2026 | L50: đã bán | M50: https://drive, google, com/drive/folders/1rweOtMfjuwS2WXCcalcbB6CFNhR9IUzY | O50: C5L3 | P50: C5L2-11-20 | Q50: 2BR | R50: 71.7 | S50: 5, 006, 535, 166 | T50: 5, 198 | U50: 4, 700 | V50: 5, 531 | W50: T1/2027 | X50: đã bán | Y50: https://drive, google, com/drive/folders/1rweOtMfjuwS2WXCcalcbB6CFNhR9IUzY
B51: C5L2 | C51: C5L2-04-15 | D51: 1BR+ | E51: 47.6 | F51: 3, 153, 954, 437 | G51: 3, 274 | H51: 2, 960 | I51: 3, 483 | K51: T1/2026 | L51: Đã bán | M51: https://drive, google, com/drive/folders/19Gf83jurTNw4LsCP2VQE2Pot4S7bGckM | O51: C5L3 | P51: C5L2-04-16 | Q51: 1BR+ | R51: 48.6 | S51: 3, 153, 954, 438 | T51: 3, 275 | U51: 2, 961 | V51: 3, 484 | W51: T1/2027 | X51: Đã bán | Y51: https://drive, google, com/drive/folders/19Gf83jurTNw4LsCP2VQE2Pot4S7bGckM
B52: C5L2 | C52: C5L2-11-18 | D52: STUDIO | E52: 31.6 | F52: 2, 315, 805, 621 | G52: 2, 404 | H52: 2, 174 | I52: 2, 558 | K52: T1/2026 | L52: Đã bán | M52: https://drive, google, com/drive/folders/1GrLJF3XbvWhVmgcSsE0pLdznyfXacyS9 | O52: C5L3 | P52: C5L2-11-19 | Q52: STUDIO | R52: 32.6 | S52: 2, 315, 805, 622 | T52: 2, 404 | U52: 2, 174 | V52: 2, 558 | W52: T1/2027 | X52: Đã bán | Y52: https://drive, google, com/drive/folders/1GrLJF3XbvWhVmgcSsE0pLdznyfXacyS10
B53: C5L2 | C53: C5L2-04-18 | D53: STUDIO | E53: 31.6 | F53: 2, 148, 874, 639 | G53: 2, 230 | H53: 2, 017 | I53: 2, 373 | K53: T1/2026 | L53: Đã bán | M53: https://drive, google, com/drive/folders/1_w46NttjlEobvgCGae1PFO6wwpJRZUov | O53: C5L3 | P53: C5L2-04-19 | Q53: STUDIO | R53: 32.6 | S53: 2, 148, 874, 640 | T53: 2, 230 | U53: 2, 017 | V53: 2, 373 | W53: T1/2027 | X53: Đã bán | Y53: https://drive, google, com/drive/folders/1_w46NttjlEobvgCGae1PFO6wwpJRZUov
B54: C5L2 | C54: C5L2-04-08 | D54: STUDIO | E54: 31.2 | F54: 2, 111, 316, 698 | G54: 2, 191 | H54: 1, 981 | I54: 2, 331 | K54: T1/2026 | L54: Đã bán | M54: https://drive, google, com/drive/folders/1bWid1EynGLR3HyyxGfMrAMQdKHsEB2nF | O54: C5L3 | P54: C5L2-04-09 | Q54: STUDIO | R54: 32.2 | S54: 2, 111, 316, 699 | T54: 2, 192 | U54: 1, 982 | V54: 2, 332 | W54: T1/2027 | X54: Đã bán | Y54: https://drive, google, com/drive/folders/1bWid1EynGLR3HyyxGfMrAMQdKHsEB2nF
B55: C5L2 | C55: C5L2-11-05 | D55: STUDIO | E55: 30.7 | F55: 2, 453, 664, 129 | G55: 2, 547 | H55: 2, 303 | I55: 2, 710 | K55: T1/2026 | L55: Đã bán | M55: https://drive, google, com/drive/folders/1P4aEJvznD8wWyAwIdkC7LZ1bCKxiTnce | O55: C5L3 | P55: C5L2-11-06 | Q55: STUDIO | R55: 31.7 | S55: 2, 453, 664, 130 | T55: 2, 547 | U55: 2, 303 | V55: 2, 710 | W55: T1/2027 | X55: Đã bán | Y55: https://drive, google, com/drive/folders/1P4aEJvznD8wWyAwIdkC7LZ1bCKxiTnce
B56: C5L2 | C56: C5L2-11-02 | D56: STUDIO | E56: 31 | F56: 2, 466, 492, 091 | G56: 2, 561 | H56: 2, 315 | I56: 2, 724 | K56: T1/2026 | L56: Đã bán | M56: https://drive, google, com/drive/folders/1cIUYIVFa3P1gWSm3HNyVsZeXTYzQGnnf | O56: C5L3 | P56: C5L2-11-03 | Q56: STUDIO | R56: 32 | S56: 2, 466, 492, 092 | T56: 2, 561 | U56: 2, 315 | V56: 2, 724 | W56: T1/2027 | X56: Đã bán | Y56: https://drive, google, com/drive/folders/1cIUYIVFa3P1gWSm3HNyVsZeXTYzQGnnf
B57: C5L2 | C57: C5L2-11-03 | D57: 1BR+ | E57: 47.8 | F57: 3, 718, 498, 182 | G57: 3, 860 | H57: 3, 491 | I57: 4, 107 | K57: T1/2026 | L57: Đã bán | M57: https://drive, google, com/drive/folders/1i6wbCmiiabEoyD1V8d7POtn3g3nT0HEa | O57: C5L3 | P57: C5L2-11-04 | Q57: 1BR+ | R57: 48.8 | S57: 3, 718, 498, 183 | T57: 3, 122 | U57: 3, 247 | V57: 4, 108 | W57: T1/2027 | X57: Đã bán | Y57: https://drive, google, com/drive/folders/1i6wbCmiiabEoyD1V8d7POtn3g3nT0HEa
B58: C5L1 | C58: C5L1-16-12A | D58: 1BR | E58: 42.7 | F58: 3, 033, 019, 259 | G58: 3, 148 | H58: 2, 847 | I58: 3, 350 | K58: 46023 | L58: Kí CN VBTT Đóng 10% ĐL | M58: https://drive, google, com/open?id=1OxDWJFhLW3Du8onhutRvlZN8Y2HPZ8-N&usp=drive_copy | O58: C5L2 | P58: C5L1-16-12A | Q58: 1BR | R58: 43.7 | S58: 3, 033, 019, 260 | T58: 3, 149 | U58: 2, 848 | V58: 3, 351 | W58: 46024 | X58: Kí CN VBTT Đóng 10% ĐL | Y58: https://drive, google, com/open?id=1OxDWJFhLW3Du8onhutRvlZN8Y2HPZ8-N&usp=drive_copy
A59: 1 | B59: C5L1 | C59: C5L1-16-05 | D59: STUDIO | E59: 31.6 | F59: 2, 315, 754, 808 | G59: 2, 404 | H59: 2, 173 | I59: 2, 557 | K59: 46023 | L59: Kí CN VBTT Đóng 10% ĐL | M59: https://drive, google, com/open?id=1gf2sdW84bkTiM-p-dHxW_r_zrAnGjJDG&usp=drive_copy | N59: 2 | O59: C5L2 | P59: C5L1-16-06 | Q59: STUDIO | R59: 32.6 | S59: 2, 315, 754, 809 | T59: 2, 404 | U59: 2, 173 | V59: 2, 557 | W59: 46024 | X59: Kí CN VBTT Đóng 10% ĐL | Y59: https://drive, google, com/open?id=1gf2sdW84bkTiM-p-dHxW_r_zrAnGjJDG&usp=drive_copy
A60: 0 | B60: C5L1 | C60: C5L1-16-20 | D60: 1BR+ | E60: 47.8 | F60: 3, 763, 180, 332 | G60: 3, 907 | H60: 3, 533 | I60: 4, 157 | K60: 46023 | L60: ĐÃ BÁN | N60: 1 | O60: C5L2 | P60: C5L1-16-21 | Q60: 1BR+ | R60: 48.8 | S60: 3, 763, 180, 333 | T60: 3, 159 | U60: 3, 215 | V60: 4, 158 | W60: 46024 | X60: ĐÃ BÁN
A61: 0 | B61: C5L1 | C61: C5L1-16-21 | D61: STUDIO | E61: 31 | F61: 2,494,440,823 | G61: 2, 590 | H61: 2, 342 | I61: 2, 756 | K61: 46023 | L61: ĐÃ BÁN | M61: C5L1-16-21 | N61: 1 | O61: C5L2 | P61: C5L1-16-22 | Q61: STUDIO | R61: 32 | S61: 2,494,440,823 | T61: 2, 590 | U61: 2, 342 | V61: 2, 756 | W61: 46024 | X61: ĐÃ BÁN | Y61: C5L1-16-22
A62: 9 | B62: C5L1 | C62: C5L1-16-22 | D62: 1BR+ | E62: 47.8 | F62: 3, 616, 524, 721 | G62: 3, 755 | H62: 3, 395 | I62: 3, 994 | K62: 46023 | L62: ĐÃ BÁN | M62: https://drive, google, com/open?id=1qbxlvgT3Vhfh10QYH1zO1ZeiM9cJ3qrD&usp=drive_copy | N62: 10 | O62: C5L2 | P62: C5L1-16-23 | Q62: 1BR+ | R62: 48.8 | S62: 3, 616, 524, 722 | T62: 3, 755 | U62: 3, 395 | V62: 3, 994 | W62: 46024 | X62: ĐÃ BÁN | Y62: https://drive, google, com/open?id=1qbxlvgT3Vhfh10QYH1zO1ZeiM9cJ3qrD&usp=drive_copy
A63: 15 | B63: C5L1 | C63: C5L1-16-19 | D63: 2BR+ | E63: 72.9 | F63: 5, 585, 485, 224 | G63: 5, 799 | H63: 5, 243 | I63: 6, 169 | K63: 46023 | L63: ĐÃ BÁN | M63: https://drive, google, com/open?id=19HKQRKyR0ZUU-snbJda9fyM60PPMOByb&usp=drive_copy | N63: 16 | O63: C5L2 | P63: C5L1-16-20 | Q63: 2BR+ | R63: 73.9 | S63: 5, 585, 485, 225 | T63: 5, 313 | U63: 5, 869 | V63: 6, 170 | W63: 46024 | X63: ĐÃ BÁN | Y63: https://drive, google, com/open?id=19HKQRKyR0ZUU-snbJda9fyM60PPMOByb&usp=drive_copy
A64: 1 | B64: C5L1 | C64: C5L1-16-01 | D64: STUDIO | E64: 32.6 | F64: 2, 521, 182, 875 | G64: 2, 617 | H64: 2, 366 | I64: 2, 785 | K64: 46023 | M64: https://drive, google, com/drive/folders/19fjr75efIcrYlD6Dhy74BjnHVHOFmmQi?usp=drive_link | N64: 2 | O64: C5L2 | P64: C5L1-16-02 | Q64: STUDIO | R64: 33.6 | S64: 2, 521, 182, 876 | T64: 2, 617 | U64: 2, 366 | V64: 2, 785 | W64: 46024 | Y64: https://drive, google, com/drive/folders/19fjr75efIcrYlD6Dhy74BjnHVHOFmmQi?usp=drive_link
A65: 10 | B65: C5L1 | C65: C5L1-16-02 | D65: 2BR+ | E65: 72.8 | F65: 5, 453, 849, 565 | G65: 5, 662 | H65: 5, 120 | I65: 6, 024 | K65: 46023 | M65: https://drive, google, com/open?id=1nADPIRwzKtE5DLGXVmMbZX0t8g_YQcu7&usp=drive_copy | N65: 11 | O65: C5L2 | P65: C5L1-16-03 | Q65: 2BR+ | R65: 73.8 | S65: 5, 453, 849, 566 | T65: 5, 422 | U65: 5, 964 | V65: 6, 025 | W65: 46024 | Y65: https://drive, google, com/open?id=1nADPIRwzKtE5DLGXVmMbZX0t8g_YQcu7&usp=drive_copy
B66: C5L2 | C66: C5L2-04-12 | D66: 2BR | E66: 65.7 | F66: 4, 137, 750, 325 | G66: 4, 295 | H66: 3, 883 | I66: 4, 569 | K66: T1/2026 | L66: ẩn | M66: https://drive, google, com/drive/folders/1x1lJIO3w6A_gDaDFgZelhHF42wzz6S3P
A67: 1 | B67: C5L1 | C67: C5L1-16-15 | D67: STUDIO | E67: 31.2 | F67: 2, 286, 927, 739 | G67: 2, 374 | H67: 2, 146 | I67: 2, 526 | K67: 46023 | L67: Kí CN VBTT Đóng 10% ĐL | M67: https://drive, google, com/open?id=1LxPPnnKe-cC571033a60tj-rx09BNo2l&usp=drive_copy
B68: C5L2 | C68: C5L2-11-11 | D68: 1BR+ | E68: 47.5 | F68: 3, 348, 849, 655 | G68: 3, 476 | H68: 3, 143 | I68: 3, 699 | K68: T1/2026 | L68: check admin | M68: https://drive, google, com/drive/folders/1Sbued2JB78oUabMoFOW-G11u9C_esE6I
B69: C5L2 | C69: C5L2-04-01 | D69: 1BR+ | E69: 47.8 | F69: 3, 299, 863, 918 | G69: 3, 425 | H69: 3, 097 | I69: 3, 644 | K69: T1/2026 | L69: Kí CN VBTT Đóng 10% ĐL | M69: https://drive, google, com/drive/folders/17fAUII8yQa2Z7pxiJC5P4qIkJPtEcU9j
A71: 1 | B71: C5L2 | C71: C5L2-11-08 | D71: STUDIO | E71: 31.2 | F71: 2, 276, 134, 661 | G71: 2. 363 | H71: 2. 136 | I71: 2. 514 | J71: 2539 | K71: T1/2026 | L71: Kí CN VBTT Đóng 10% ĐL | M71: https://drive, google, com/drive/folders/1eB6sPl--0SUG7aWlfE_yWhATzNGhOnV- | N71: 15h53

Sheet MGC-THE SAND
A1: HP - BẢNG HÀNG MASTERI GRAND COAST - THE SAND
A2: STT | B2: Tên tòa | C2: Mã căn | D2: LOẠI CĂN | E2: DT thông thủy (m2) | F2: Giá chưa VAT & KPBT | G2: Giá tiến độ | H2: Giá TTS | I2: Giá Vay | J2: Giá vay ko EB | K2: CSBH | L2: GHI CHÚ | M2: PTG + CHỈ CĂN
A3: THE SAND - Z3
A4: 1 | B4: C5Z3 | C4: C5Z3-17-09 | D4: 1BR+ | E4: 45.8 | F4: 3221751124 | G4: 3344 | H4: 3024 | I4: 3558 | J4: 3594 | K4: 46082 | L4: Kí CN VBTT Đóng 10% ĐL | M4: https://drive.google.com/drive/folders/1lRgnhUZAT0oPh101MH5bCQn8fLr7KlQQ | O4: C5Z3-17-09
A5: 2 | B5: C5Z3 | C5: C5Z3-17-02 | D5: 1BR+ | E5: 47.1 | F5: 3556042747 | G5: 3692 | H5: 3338 | I5: 3928 | J5: 3967 | K5: 46082 | L5: Kí CN VBTT Đóng 10% ĐL | M5: https://drive.google.com/drive/folders/1EEoiH7mWDZOk09LDBPrdb3_Vt5ftsQKF | O5: C5Z3-17-02
A6: 3 | B6: C5Z3 | C6: C5Z3-17-15 | D6: 1BR+ | E6: 47.1 | F6: 3508416922 | G6: 3642 | H6: 3293 | I6: 3875 | J6: 3914 | K6: 46082 | L6: Kí CN VBTT Đóng 10% ĐL | M6: https://drive.google.com/drive/folders/1e1A3F2AaH_6fnqn9BKh3Cj4NETMhhSd_ | O6: C5Z3-17-15
A7: 4 | B7: C5Z3 | C7: C5Z3-17-01 | D7: 1BR+ | E7: 49 | F7: 3598075096 | G7: 3735 | H7: 3377 | I7: 3974 | J7: 4014 | K7: 46082 | L7: Kí CN VBTT Đóng 10% ĐL | M7: https://drive.google.com/drive/folders/1Et3aLK0XimfmQu4o9qBKYnwpWVJPOMHj | O7: C5Z3-17-01
A8: 5 | B8: C5Z3 | C8: C5Z3-17-06 | D8: 1BR+ | E8: 50.4 | F8: 3784169542 | G8: 3929 | H8: 3552 | I8: 4180 | J8: 4222 | K8: 46082 | L8: Kí CN VBTT Đóng 10% ĐL | M8: https://drive.google.com/drive/folders/1AwM9yG7aldo-iKH31yukmZYBgrLgyW00 | O8: C5Z3-17-06
A9: 6 | B9: C5Z3 | C9: C5Z3-17-08A | D9: 1BR+ | E9: 50.4 | F9: 3740001905 | G9: 3883 | H9: 3511 | I9: 4131 | J9: 4172 | K9: 46082 | L9: Kí CN VBTT Đóng 10% ĐL | M9: https://drive.google.com/drive/folders/1ISo7orkX7mlcDXJYjFX7V9fLzRZtuHsO | O9: C5Z3-17-08A
A10: 7 | B10: C5Z3 | C10: C5Z3-17-11 | D10: 1BR+ | E10: 50.1 | F10: 3637027887 | G10: 3776 | H10: 3414 | I10: 4017 | J10: 4058 | K10: 46082 | L10: Kí CN VBTT Đóng 10% ĐL | M10: https://drive.google.com/drive/folders/1lrRd2HP1WUU4lAUpiVwkIAoAUlc7pTEM | O10: C5Z3-17-11
A11: 8 | B11: C5Z3 | C11: C5Z3-17-16 | D11: 1BR+ | E11: 54.8 | F11: 4043011494 | G11: 4197 | H11: 3795 | I11: 4465 | J11: 4511 | K11: 46082 | L11: Kí CN VBTT Đóng 10% ĐL | M11: https://drive.google.com/drive/folders/1Gsy1US-2daGIz7YWOiEk43zGxEhM7U7i | O11: C5Z3-17-16
A12: 9 | B12: C5Z3 | C12: C5Z3-17-08 | D12: 3BR | E12: 92.8 | F12: 6764267261 | G12: 7023 | H12: 6350 | I12: 7471 | J12: 7547 | K12: 46082 | L12: Kí CN VBTT Đóng 10% ĐL | M12: https://drive.google.com/drive/folders/1bNwmHRecJ_HdHMRlkc1HlgXhB-5Pg_px | O12: C5Z3-17-08
A13: 10 | B13: C5Z3 | C13: C5Z3-17-05 | D13: 4BR | E13: 124.8 | F13: 9332472989 | G13: 9689 | H13: 8761 | I13: 10308 | J13: 10412 | K13: 46082 | L13: Kí CN VBTT Đóng 10% ĐL | M13: https://drive.google.com/drive/folders/1hwXq1jg99g7_ru43L3UISpi_y3iEXmS9 | O13: C5Z3-17-05
A14: THE SAND - L4
A15: 1 | B15: C5L4 | C15: C5L4-08-22 | D15: STUDIO | E15: 32.6 | F15: 2463055282 | G15: 2557 | H15: 2312 | J15: 2748 | K15: 46132 | M15: https://drive.google.com/drive/folders/1yIJX-TpGjpudqpWFFNhHHV-aFEDisdJ2 | O15: C5L4-08-22
A16: 2 | B16: C5L4 | C16: C5L4-08-01 | D16: 1BR+ | E16: 47.8 | F16: 3536018049 | G16: 3671 | H16: 3319 | J16: 3945 | K16: 46132 | M16: https://drive.google.com/drive/folders/1_BERXZ84hKuaEGBE-jFsTi-UzB3VirQP | O16: C5L4-08-01
A17: 3 | B17: C5L4 | C17: C5L4-08-03 | D17: 1BR+ | E17: 47.8 | F17: 3696194415 | G17: 3837 | H17: 3470 | J17: 4124 | K17: 46132 | L17: Kí CN VBTT Đóng 10% ĐL check ad | M17: https://drive.google.com/drive/folders/1UDNj8pCDwFjoSgW7rwkQhPsosLbH55y9 | O17: C5L4-08-03
A18: 4 | B18: C5L4 | C18: C5L4-08-19 | D18: 2BR | E18: 70.7 | F18: 5020757672 | G18: 5212 | H18: 4713 | J18: 5601 | K18: 46132 | M18: https://drive.google.com/drive/folders/1BgpatBf9-S2lWFIogTwTkMY-sbZpxyGr | O18: C5L4-08-19
A19: 5 | B19: C5L4 | C19: C5L4-08-21 | D19: 2BR+ | E19: 72.8 | F19: 5243652742 | G19: 5444 | H19: 4922 | J19: 5850 | K19: 46132 | M19: https://drive.google.com/drive/folders/1tKlqgRuU4_x3I6Ku7T5gDO-1UmBWRjmk | O19: C5L4-08-21
A20: 6 | B20: C5L4 | C20: C5L4-08-05A | D20: 2BR+ | E20: 72.9 | F20: 5428866281 | G20: 5636 | H20: 5096 | J20: 6057 | K20: 46132 | M20: https://drive.google.com/drive/folders/1Oqu-qDuYomPqxIU-hgDV0zaURkjOSdL9 | O20: C5L4-08-05A
A21: THE SAND - Z2
A22: 1 | B22: C5Z2 | C22: C5Z2-14-18A | D22: 1BR+ | E22: 47.1 | F22: 3385113550 | G22: 3514 | H22: 3177 | J22: 3776 | K22: 46132 | M22: https://drive.google.com/drive/folders/1zhwf-LYCTOgbyjgNzZCD9nJDb51gj5VC | O22: C5Z2-14-18A
A23: 2 | B23: C5Z2 | C23: C5Z2-14-08 | D23: 1BR+ | E23: 50.1 | F23: 3631400454 | G23: 3770 | H23: 3409 | J23: 4051 | K23: 46132 | M23: https://drive.google.com/drive/folders/1eC2eRxLLEbcB2MXOfqxWHOf-lnYAOCzy | O23: C5Z2-14-08
A24: 3 | B24: C5Z2 | C24: C5Z2-14-12A | D24: 1BR+ | E24: 50.4 | F24: 3756446165 | G24: 3900 | H24: 3526 | J24: 4191 | K24: 46132 | M24: https://drive.google.com/drive/folders/1MLweq2b4eesBc3x93-Vwg2-2vE2CDLqg | O24: C5Z2-14-12A
A25: 4 | B25: C5Z2 | C25: C5Z2-14-08A | D25: 2BR+ | E25: 70 | F25: 5028549540 | G25: 5220 | H25: 4720 | J25: 5610 | K25: 46132 | M25: https://drive.google.com/drive/folders/1yhz1OuaoqxGqXNSkiUgWSHSrHytpWJTN | O25: C5Z2-14-08A
A26: 5 | B26: C5Z2 | C26: C5Z2-14-15A | D26: 4BR | E26: 124.8 | F26: 9280650413 | G26: 9635 | H26: 8712 | J26: 10355 | K26: 46132 | M26: https://drive.google.com/drive/folders/1WmRyTfD7Mw9PeGaLOfYPKfx01JQGWFrW | O26: C5Z2-14-15A
B27: C5L4 | C27: C5L4-08-10 | D27: 1BR | E27: 42.7 | F27: 3015840580 | G27: 3131 | H27: 2831 | J27: 3364 | K27: 46132 | L27: check admin | M27: https://drive.google.com/drive/folders/1ltYWViigikrFSwEI4LtJ-kQfvm0XoUt7 | O27: C5L4-08-10
B28: C5L4 | C28: C5L4-08-16 | D28: 1BR+ | E28: 46.3 | F28: 3229692753 | G28: 3353 | H28: 3031 | J28: 3603 | K28: 46132 | L28: check admin | M28: https://drive.google.com/drive/folders/18ca8JqQvygcZS276nHYE5zOWyozYLLtL | O28: C5L4-08-16
B29: C5L4 | C29: C5L4-08-18A | D29: 1BR+ | E29: 46.3 | F29: 3232925049 | G29: 3356 | H29: 3034 | J29: 3607 | K29: 46132 | L29: check admin | M29: https://drive.google.com/drive/folders/1IKo6f9ozoJKe_8-EWbYfCFDHShMVOzb- | O29: C5L4-08-18A
B30: C5L4 | C30: C5L4-08-11 | D30: 1BR+ | E30: 47.5 | F30: 3348383728 | G30: 3476 | H30: 3143 | J30: 3735 | K30: 46132 | L30: check admin | M30: https://drive.google.com/drive/folders/1zq37ZUa7aBx3y4_Am9D2w82-VNgniDta | O30: C5L4-08-11
B31: C5L4 | C31: C5L4-08-15 | D31: 1BR+ | E31: 47.6 | F31: 3398511290 | G31: 3528 | H31: 3190 | J31: 3791 | K31: 46132 | L31: check admin | M31: https://drive.google.com/drive/folders/1uJGmd3M6NbkUya1Np3oddawjMbFH1nw2 | O31: C5L4-08-15
B32: C5L4 | C32: C5L4-08-09 | D32: 2BR | E32: 65.7 | F32: 4524793624 | G32: 4697 | H32: 4247 | J32: 5048 | K32: 46132 | L32: check admin | M32: https://drive.google.com/drive/folders/1WYP6xC16xXFCB5suHF5ACf0O31XapmKV | O32: C5L4-08-09
B33: C5L4 | C33: C5L4-08-12 | D33: 2BR | E33: 65.7 | F33: 4488100502 | G33: 4659 | H33: 4213 | J33: 5007 | K33: 46132 | L33: check admin | M33: https://drive.google.com/drive/folders/1boBwLIUL2b3WMuX8L_FW0pJyGKHi6RxF | O33: C5L4-08-12
B34: C5Z2 | C34: C5Z2-14-06 | D34: 2BR+ | E34: 70 | F34: 4908589350 | G34: 5096 | H34: 4607 | J34: 5476 | K34: 46132 | M34: https://drive.google.com/drive/folders/1opDKNBU__kBTQTKaK6JiTxWCcmtM9Mqo | O34: C5Z2-14-06
B35: C5Z2 | C35: C5Z2-14-15 | D35: 2BR+ | E35: 65.2 | F35: 4921846549 | G35: 5110 | H35: 4620 | J35: 5491 | K35: 46132 | L35: Kí CN VBTT Đóng 10% ĐL | M35: https://drive.google.com/drive/folders/1z2TKTtG9CYMiov1fW_NgEONOw8i1BsKi | O35: C5Z2-14-15
B36: C5L4 | C36: C5L4-08-12A | D36: 2BR+ | E36: 73.5 | F36: 4790417552 | G36: 4973 | H36: 4496 | J36: 5344 | K36: 46132 | L36: check admin | M36: https://drive.google.com/drive/folders/1ubtX2k1RlOvUvlK7ZrdfUZ5Nn_412q1m | O36: C5L4-08-12A
B37: C5L4 | C37: C5L4-08-15A | D37: 2BR+ | E37: 73.5 | F37: 4831466934 | G37: 5015 | H37: 4535 | J37: 5390 | K37: 46132 | L37: check admin | M37: https://drive.google.com/drive/folders/1ukmItLtpBclOGjPg7TwJrcoMhzwdskMx | O37: C5L4-08-15A
B38: C5L4 | C38: C5L4-08-08A | D38: 2BR+ | E38: 83.8 | F38: 5847886127 | G38: 6071 | H38: 5489 | J38: 6524 | K38: 46132 | L38: check admin | M38: https://drive.google.com/drive/folders/118IQFgw73XsOHG92ZPI2RQIO68BmbpNv | O38: C5L4-08-08A
B39: C5L4 | C39: C5L4-08-06 | D39: 3BR | E39: 106.4 | F39: 8094623230 | G39: 8404 | H39: 7599 | J39: 9031 | K39: 46132 | L39: check admin | M39: https://drive.google.com/drive/folders/1851zDIzYyhifTW5C1Ro6EshNgGKvgBqo | O39: C5L4-08-06
B40: C5L4 | C40: C5L4-08-20 | D40: 4BR | E40: 130.4 | F40: 9592638802 | G40: 9959 | H40: 9005 | J40: 10703 | K40: 46132 | L40: check admin | M40: https://drive.google.com/drive/folders/1qJR1JMrG9UBvlFdYfdsvLgJXhFwCQ3jo | O40: C5L4-08-20
B41: C5Z2 | C41: C5Z2-14-10 | D41: 1BR+ | E41: 45.8 | F41: 3183387532 | G41: 3305 | H41: 2988 | J41: 3551 | K41: 46132 | L41: check admin | M41: https://drive.google.com/drive/folders/1UZdaMmZeOk0vUzOWgKSMtxdQRgnCA5X4 | O41: C5Z2-14-10
B42: C5Z2 | C42: C5Z2-14-18 | D42: 1BR+ | E42: 49 | F42: 3418578198 | G42: 3549 | H42: 3209 | J42: 3814 | K42: 46132 | L42: check admin | M42: https://drive.google.com/drive/folders/1F0fBgoPUxGTJPUNrJQEDKwHOfit-Mcz0 | O42: C5Z2-14-18
B43: C5Z2 | C43: C5Z2-14-11 | D43: 3BR | E43: 92.8 | F43: 6709525469 | G43: 6966 | H43: 6298 | J43: 7486 | K43: 46132 | L43: check admin | M43: https://drive.google.com/drive/folders/1e9FcckVRqRH6b1c-i24pzGSDqzR7UZry | O43: C5Z2-14-11
B44: C5L3 | C44: C5L3-07-08A | D44: 1BR+ | E44: 46,3 | F44: 2.994.140.762 | G44: 3108 | H44: 2810 | J44: 3340 | K44: 46132 | L44: check admin | M44: https://drive.google.com/drive/folders/1u3wKnbkJl6tYP6UYaUmpFLQqe2GWQV1r | O44: C5L3-07-08A
A45: 1 | B45: C5L4 | C45: C5L4-08-08 | D45: STUDIO | E45: 31.2 | F45: 2273981642 | G45: 2360 | H45: 2134 | J45: 2537 | K45: 46132 | L45: ĐÃ BÁN | M45: https://drive.google.com/drive/folders/1U1PaDWLtaxghnuCKmhsDgV2rjNkegBQX | O45: C5L4-08-08
A46: 5 | B46: C5L4 | C46: C5L4-12-16 | D46: 1BR+ | E46: 46.3 | F46: 3316964549 | G46: 3443 | H46: 3113 | J46: 3663 | K46: 46113 | L46: ẩn | M46: https://drive.google.com/drive/folders/1d5h-UQlPMTJOrBuO2p8Oc72zcuMrDrW0 | O46: C5L4-12-16
A47: 1 | B47: C5Z2 | C47: C5Z2-14-03 | D47: 1BR+ | E47: 43.9 | F47: 3174086291 | G47: 3295 | H47: 2979 | I47: đã bán | J47: 3541 | K47: 46132 | L47: Kí CN VBTT Đóng 10% ĐL check ad | M47: https://drive.google.com/drive/folders/1u1vkQKbqlCsFKOddLR_sKAsfmv8Epb6e | O47: C5Z2-14-03
A48: 2 | B48: C5L4 | C48: C5L4-08-18 | D48: STUDIO | E48: 31.6 | F48: 2311467257 | G48: 2399 | H48: 2169 | J48: 2579 | K48: 46132 | L48: đã bán | M48: https://drive.google.com/drive/folders/15J1Ce-Fbmh4xlg1RzyIyXlG2J2FMtK7l | O48: C5L4-08-18
A49: 7 | B49: C5Z2 | C49: C5Z2-14-05A | D49: 2BR | E49: 64.9 | F49: 4503638669 | G49: 4675 | H49: 4227 | J49: 5024 | K49: 46132 | L49: check admin | M49: https://drive.google.com/drive/folders/1K7S7LjfPGDeuMlmMtRruVjQn6dzBwiki | O49: C5Z2-14-05A
A50: 1 | B50: C5Z2 | C50: C5Z2-14-05 | D50: STUDIO | E50: 28.7 | F50: 2109274385 | G50: 2189 | H50: 1980 | J50: 2353 | K50: 46132 | L50: Kí CN VBTT Đóng 10% ĐL | M50: https://drive.google.com/drive/folders/1L-vqz1FbWLnqi0BZhlCIEVozaV5K102F | O50: C5Z2-14-05
B51: C5Z2 | C51: C5Z2-14-12 | D51: 1BR+ | E51: 50.4 | F51: 3739171867 | G51: 3882 | H51: 3510 | I51: 4172 | K51: 46132 | L51: đã bán | M51: https://drive.google.com/drive/folders/14HjvEamBUjzFwat_sA5tcOGBvfhfk1ep | N51: 10h40
B52: C5Z2 | C52: C5Z2-14-02 | D52: STUDIO | E52: 28.5 | F52: 2120240429 | G52: 2201 | H52: 1990 | I52: 2365 | K52: 46132 | L52: đã bán | M52: https://drive.google.com/drive/folders/16ZcOcjgMq20pteB2jbHwbChufb2rqAFm
A53: 12 | B53: C5Z2 | C53: C5Z2-14-09 | D53: 2BR | E53: 63.7 | F53: 4517968810 | G53: 4690 | H53: 4241 | I53: 5040 | K53: 46132 | L53: ĐÃ BÁN | M53: https://drive.google.com/drive/folders/1LxRsFY_PAg12ju9gJcNyJFu0AhIId0rW
A54: 2 | B54: C5L4 | C54: C5L4-08-02 | D54: STUDIO | E54: 31 | F54: 2452261913 | G54: 2546 | H54: 2302 | I54: 2736 | K54: 46132 | L54: ĐÃ BÁN | M54: https://drive.google.com/drive/folders/1F-wtgpxKlXAysOovTMw34JBdEj--458N
B55: C5Z3 | C55: C5Z3-17-12 | D55: 2BR+ | E55: 70 | F55: 5037208610 | G55: 5229 | H55: 4728 | I55: 5563 | K55: 46082 | L55: Check admin | M55: https://drive.google.com/drive/folders/1syc1s-ETN0wfI6PpO7QrGVe9BgBM0V_6
B56: C5Z3 | C56: C5Z3-17-12A | D56: 2BR+ | E56: 70 | F56: 5084396310 | G56: 5278 | H56: 4773 | I56: 5616 | K56: 46082 | L56: Check admin | M56: https://drive.google.com/drive/folders/18c6hzjS3Bu8aW6dCvuXAFEmrTQOu8h4q
B57: C5Z3 | C57: C5Z3-17-18 | D57: 2BR+ | E57: 70 | F57: 5249553050 | G57: 5450 | H57: 4928 | I57: 5798 | K57: 46082 | L57: đã bán | M57: https://drive.google.com/drive/folders/1jXJIFQcO1_GZjSChwaIX03EGWsHq1UJO
B58: C5Z3 | C58: C5Z3-17-15A | D58: STUDIO | E58: 28.7 | F58: 2175951114 | G58: 2259 | H58: 2042 | I58: 2403 | K58: 46082 | L58: đã bán | M58: https://drive.google.com/drive/folders/1rpEo69qobxzMGIPawBd08wZDiBmug9H1
B59: C5Z3 | C59: C5Z3-17-03 | D59: STUDIO | E59: 28.7 | F59: 2233991928 | G59: 2319 | H59: 2097 | I59: 2467 | K59: 46082 | L59: đã bán | M59: https://drive.google.com/drive/folders/1qjx5RGw2bycUd4Aa59TOEM8Zk0TbFIBt
B60: C5Z3 | C60: C5Z3-17-18A | D60: STUDIO | E60: 28.5 | F60: 2184109784 | G60: 2267 | H60: 2050 | I60: 2412 | K60: 46082 | L60: đã bán | M60: https://drive.google.com/drive/folders/1QEBtN2CQfwNWSnzUXWQdvemwMDlwF07s
B61: C5Z3 | C61: C5Z3-17-10 | D61: 2BR | E61: 63.7 | F61: 4526935732 | G61: 4700 | H61: 4249 | I61: 5000 | K61: 46082 | L61: Đã bán | M61: https://drive.google.com/drive/folders/19J6DAGKQiCTTl9zZrgRqQm4r61keZheb
B62: C5Z3 | C62: C5Z3-17-05A | D62: 2BR+ | E62: 65.2 | F62: 5137023631 | G62: 5333 | H62: 4822 | I62: 5674 | K62: 46082 | L62: Đã bán | M62: https://drive.google.com/drive/folders/1Tq4RHxbMvJOE8nF1NJq_MqJLiCWJag7l
A63: 1 | B63: C5L4 | C63: C5L4-08-05 | D63: STUDIO | E63: 30.7 | F63: 2439618050 | G63: 2533 | H63: 2290 | I63: 2722 | K63: 46132 | L63: Đã bán | M63: https://drive.google.com/drive/folders/1rhHjMm1mzCqjHh2VDiioLD71MD6JiIU7 | N63: 20h
A64: 2 | B64: C5Z2 | C64: C5Z2-14-16 | D64: STUDIO | E64: 28.7 | F64: 2168294787 | G64: 2251 | H64: 2035 | I64: 2419 | K64: 46132 | L64: Đã bán | M64: https://drive.google.com/drive/folders/14REUiwkWDbEt5SMiKo0Konk1kV9IWtKR
A65: 9 | B65: C5Z2 | C65: C5Z2-14-01 | D65: 2BR+ | E65: 70 | F65: 5076533630 | G65: 5270 | H65: 4765 | J65: 5664 | K65: 46132 | L65: đã bán | M65: https://drive.google.com/drive/folders/1dq_F1bXC5VQ73mnhzDgjVi51InRQHfUc | O65: C5Z2-14-01

Sheet PENTHOUSE & SHOP
A1: LUMIÈRE EVERGREEN
A2: STT | B2: Mã căn hộ | C2: Loại căn | D2: Diện tích thông thủy (m2) | E2: Giá trị giao dịch (bao gồm VAT không KPBT) | F2: GIÁ TTS | G2: VAY 70% | H2: CSBH | I2: GHI CHÚ | J2: PTG + CHỈ CĂN
A3: 1 | B3: L39M.1.TMDV11 | C3: SHOP | E3: 15444856051 | F3: 14894 | G3: 15512 | H3: 46082 | J3: https://drive.google.com/drive/folders/1TFUrulYlQLV5I6M7xyCcnmWZSu6151pq
A4: HP - LUMIÈRE SPRINGBAY_QUỸ CĂN ĐẶC BIỆT
A5: 1 | B5: C4L1.2703 | C5: PENTHOUSE | D5: 250.3 | E5: 22482117397 | F5: 20896 | G5: 22694 | H5: 20/03/2026-30/04/2026 | J5: https://drive.google.com/drive/folders/1cIi0yj6JJR48kRFLW0Q-C6PguFIqmB7P
A6: 2 | B6: C4Z2.2603 | C6: PENTHOUSE | D6: 248.9 | E6: 23056385520 | F6: 21423 | G6: 23267 | H6: 20/03/2026-30/04/2027 | J6: https://drive.google.com/drive/folders/1PB48qyylNLouu5rM7Et4EQWq_sd12Mju

Sheet HSG
A1: HP - DỰ ÁN HANOI SEASONS GARDEN - THE BLOOM
A2: STT | B2: TOÀ | C2: MÃ CĂN | D2: LOẠI CĂN | E2: DT THÔNG THUỶ | F2: DT TIM TƯỜNG | G2: GIÁ TTTĐ GỒM VAT VÀ KPBT | H2: GIÁ TTS GỒM VAT VÀ KPBT | I2: GIÁ VAY GỒM VAT VÀ KPBT | J2: PTG VÀ CHỈ CĂN
A3: 1 | B3: L1 | C3: HHA-12-15A | D3: 01 Phòng Ngủ + 01 Đa Năng | E3: 81.4 | F3: 90.1 | G3: 13225454679 | H3: 11490537122 | I3: 14399860411
A4: 2 | B4: L1 | C4: HHA-20-20 | D4: 01 Phòng Ngủ + 01 Đa Năng | E4: 84.7 | F4: 91.8 | G4: 14860905970 | H4: 12912746969 | I4: 16179659756
A5: 3 | B5: L1 | C5: HHA-10-23 | D5: 03 Phòng Ngủ + 01 Đa Năng | E5: 141.7 | F5: 152.7 | G5: 23418269794 | H5: 20346723745 | I5: 25497470196
A6: 4 | B6: L1 | C6: HHA-26-05A | D6: 02 Phòng Ngủ | E6: 84.9 | F6: 91.9 | G6: 13866990220 | H6: 12048001916 | I6: 15098305378
A7: 5 | B7: L1 | C7: HHA-11-03 | D7: 02 Phòng Ngủ | E7: 87 | F7: 95.8 | G7: 12619049314 | H7: 10961890653 | I7: 13740818253
A8: 6 | B8: L1 | C8: HHA-16-03 | D8: 02 Phòng Ngủ | E8: 87.4 | F8: 95.8 | G8: 13226118481 | H8: 11489964127 | I8: 14401361427
A9: 7 | B9: L1 | C9: HHA-16-23 | D9: 03 Phòng Ngủ + 01 Đa Năng | E9: 142 | F9: 152.5 | G9: 24708918820 | H9: 21469530872 | I9: 26901735277
A10: 8 | B10: L1 | C10: HHA-10-05A | D10: 02 Phòng Ngủ | E10: 84.7 | F10: 91.9 | G10: 12028853124 | H10: 10448860993 | I10: 13098386259
A11: 9 | B11: L1 | C11: HHA-21-15 | D11: 01 Phòng Ngủ | E11: 59.2 | F11: 63.6 | G11: 10462972545 | H11: 9091434514 | I11: 11391398289
A12: 10 | B12: L1 | C12: HHA-23-18 | D12: 01 Phòng Ngủ + 01 Đa Năng | E12: 83.1 | F12: 91.6 | G12: 14837403318 | H12: 12892606461 | I12: 16153881190
A13: 11 | B13: L1 | C13: HHA-27-12A | D13: 01 Phòng Ngủ + 01 Đa Năng | E13: 79.1 | F13: 85.7 | G13: 14080564663 | H13: 12234923832 | I13: 15329921534
A14: 12 | B14: L1 | C14: HHA-27-19 | D14: 01 Phòng Ngủ | E14: 56.3 | F14: 61.9 | G14: 10290666532 | H14: 8942084358 | I14: 11203552927

Sheet L1 - MGC
A1: C5L1- | B1: BẢNG HÀNG MASTERI GRAND COAST- Toà C5L1
A2: Tòa | B2: Ngày cập nhật | C2: =today() -> 46212 | G2: CHECK ADMIN | J2: QUỸ ĐỘC QUYỀN | M2: Đã bán | Q2: Giá chưa bao gồm VAT và KPBT
A3: TẦNG/CĂN | B3: -01 | C3: -02 | D3: -03 | E3: -05A | F3: -05 | G3: -06 | H3: -08A | I3: -08 | J3: -09 | K3: -10 | L3: -11 | M3: -12 | N3: -12A | O3: -15A | P3: -15 | Q3: -16 | R3: -18A | S3: -18 | T3: -19 | U3: -20 | V3: -21 | W3: -22 | X3: TẦNG/CĂN
A4: DT Thông Thuỷ | B4: 32, 6 | C4: 72, 8 | D4: 130, 4 | E4: 70, 7 | F4: 31, 6 | G4: 46, 3 | H4: 46, 3 | I4: 47, 6 | J4: 73, 5 | K4: 73, 5 | L4: 65, 7 | M4: 47, 5 | N4: 42, 6 | O4: 65, 7 | P4: 31, 2 | Q4: 83, 8 | R4: 106, 4 | S4: 30, 7 | T4: 72, 9 | U4: 47, 8 | V4: 31 | W4: 47, 8 | X4: DT Thông Thuỷ
A5: DT Tim Tường | B5: 36, 6 | C5: 79, 2 | D5: 139, 0 | E5: 76, 3 | F5: 36, 6 | G5: 51, 2 | H5: 51, 2 | I5: 52, 4 | J5: 78, 5 | K5: 78, 5 | L5: 71, 6 | M5: 52, 4 | N5: 47, 6 | O5: 71, 6 | P5: 35, 1 | Q5: 90, 4 | R5: 113, 6 | S5: 34, 8 | T5: 79, 7 | U5: 52, 7 | V5: 34, 7 | W5: 52, 9 | X5: DT Tim Tường
A6: Hướng | B6: TN | C6: TN | D6: TB-TN | E6: TB-ĐB | F6: ĐB | G6: ĐB | H6: ĐB | I6: ĐB | J6: ĐB | K6: ĐB | L6: ĐB | M6: ĐB | N6: ĐB | O6: ĐB | P6: ĐB | Q6: ĐB-ĐN | R6: TN-ĐN | S6: TN | T6: TN | U6: TN | V6: TN | W6: TN | X6: Hướng
A7: Số PN | B7: STU | C7: 2BR+ | D7: 4BR | E7: 2BR | F7: STU | G7: 1BR+ | H7: 1BR+ | I7: 1BR+ | J7: 2BR+ | K7: 2BR+ | L7: 2BR | M7: 1BR+ | N7: 1BR | O7: 2BR | P7: STU | Q7: 2BR+ | R7: 3BR | S7: STU | T7: 2BR+ | U7: 1BR+ | V7: STU | W7: 1BR+ | X7: Số PN
A8: 03 | B8: =IFERROR(VLOOKUP($A$1&$A8&B$3,'Bảng giá chi tiết'!$C:$J,8,0),"") | C8: =IFERROR(VLOOKUP($A$1&$A8&C$3,'Bảng giá chi tiết'!$C:$J,8,0),"") | D8: =IFERROR(VLOOKUP($A$1&$A8&D$3,'Bảng giá chi tiết'!$C:$J,8,0),"") | E8: =IFERROR(VLOOKUP($A$1&$A8&E$3,'Bảng giá chi tiết'!$C:$J,8,0),"") -> 5050? | F8: =IFERROR(VLOOKUP($A$1&$A8&F$3,'Bảng giá chi tiết'!$C:$J,8,0),"") | G8: =IFERROR(VLOOKUP($A$1&$A8&G$3,'Bảng giá chi tiết'!$C:$J,8,0),"") | H8: =IFERROR(VLOOKUP($A$1&$A8&H$3,'Bảng giá chi tiết'!$C:$J,8,0),"") | I8: =IFERROR(VLOOKUP($A$1&$A8&I$3,'Bảng giá chi tiết'!$C:$J,8,0),"") | ... W8: =IFERROR(VLOOKUP($A$1&$A8&W$3,'Bảng giá chi tiết'!$C:$J,8,0),"") | X8: 03
A9: 04 | B9: =IFERROR(VLOOKUP($A$1&$A9&B$3,'Bảng giá chi tiết'!$C:$J,8,0),"") -> 0? | C9: =IFERROR(VLOOKUP($A$1&$A9&C$3,'Bảng giá chi tiết'!$C:$J,8,0),"") -> 0? | D9: =IFERROR(VLOOKUP($A$1&$A9&D$3,'Bảng giá chi tiết'!$C:$J,8,0),"") -> 0? | E9: =IFERROR(VLOOKUP($A$1&$A9&E$3,'Bảng giá chi tiết'!$C:$J,8,0),"") -> 0? | F9: =IFERROR(VLOOKUP($A$1&$A9&F$3,'Bảng giá chi tiết'!$C:$J,8,0),"") | G9: =IFERROR(VLOOKUP($A$1&$A9&G$3,'Bảng giá chi tiết'!$C:$J,8,0),"") | H9: =IFERROR(VLOOKUP($A$1&$A9&H$3,'Bảng giá chi tiết'!$C:$J,8,0),"") -> 0? | I9: =IFERROR(VLOOKUP($A$1&$A9&I$3,'Bảng giá chi tiết'!$C:$J,8,0),"") | ... W9: =IFERROR(VLOOKUP($A$1&$A9&W$3,'Bảng giá chi tiết'!$C:$J,8,0),"") | X9: 04
A10: 05 | B10: =IFERROR(VLOOKUP($A$1&$A10&B$3,'Bảng giá chi tiết'!$C:$J,8,0),"") | C10: =IFERROR(VLOOKUP($A$1&$A10&C$3,'Bảng giá chi tiết'!$C:$J,8,0),"") | D10: =IFERROR(VLOOKUP($A$1&$A10&D$3,'Bảng giá chi tiết'!$C:$J,8,0),"") -> 9155? | E10: =IFERROR(VLOOKUP($A$1&$A10&E$3,'Bảng giá chi tiết'!$C:$J,8,0),"") -> 4619? | F10: =IFERROR(VLOOKUP($A$1&$A10&F$3,'Bảng giá chi tiết'!$C:$J,8,0),"") | G10: =IFERROR(VLOOKUP($A$1&$A10&G$3,'Bảng giá chi tiết'!$C:$J,8,0),"") | H10: =IFERROR(VLOOKUP($A$1&$A10&H$3,'Bảng giá chi tiết'!$C:$J,8,0),"") | I10: =IFERROR(VLOOKUP($A$1&$A10&I$3,'Bảng giá chi tiết'!$C:$J,8,0),"") -> 3134? | ... W10: =IFERROR(VLOOKUP($A$1&$A10&W$3,'Bảng giá chi tiết'!$C:$J,8,0),"") -> 3304? | X10: 05
A11: 06 | B11: =IFERROR(VLOOKUP($A$1&$A11&B$3,'Bảng giá chi tiết'!$C:$J,8,0),"") | C11: =IFERROR(VLOOKUP($A$1&$A11&C$3,'Bảng giá chi tiết'!$C:$J,8,0),"") -> 5765? | D11: =IFERROR(VLOOKUP($A$1&$A11&D$3,'Bảng giá chi tiết'!$C:$J,8,0),"") | E11: =IFERROR(VLOOKUP($A$1&$A11&E$3,'Bảng giá chi tiết'!$C:$J,8,0),"") -> 5324? | F11: =IFERROR(VLOOKUP($A$1&$A11&F$3,'Bảng giá chi tiết'!$C:$J,8,0),"") | G11: =IFERROR(VLOOKUP($A$1&$A11&G$3,'Bảng giá chi tiết'!$C:$J,8,0),"") | H11: =IFERROR(VLOOKUP($A$1&$A11&H$3,'Bảng giá chi tiết'!$C:$J,8,0),"") | I11: =IFERROR(VLOOKUP($A$1&$A11&I$3,'Bảng giá chi tiết'!$C:$J,8,0),"") -> 3598? | ... W11: =IFERROR(VLOOKUP($A$1&$A11&W$3,'Bảng giá chi tiết'!$C:$J,8,0),"") | X11: 06
A12: 07 | B12: =IFERROR(VLOOKUP($A$1&$A12&B$3,'Bảng giá chi tiết'!$C:$J,8,0),"") | C12: =IFERROR(VLOOKUP($A$1&$A12&C$3,'Bảng giá chi tiết'!$C:$J,8,0),"") | D12: =IFERROR(VLOOKUP($A$1&$A12&D$3,'Bảng giá chi tiết'!$C:$J,8,0),"") | E12: =IFERROR(VLOOKUP($A$1&$A12&E$3,'Bảng giá chi tiết'!$C:$J,8,0),"") | F12: =IFERROR(VLOOKUP($A$1&$A12&F$3,'Bảng giá chi tiết'!$C:$J,8,0),"") | G12: =IFERROR(VLOOKUP($A$1&$A12&G$3,'Bảng giá chi tiết'!$C:$J,8,0),"") | H12: =IFERROR(VLOOKUP($A$1&$A12&H$3,'Bảng giá chi tiết'!$C:$J,8,0),"") -> 0? | I12: =IFERROR(VLOOKUP($A$1&$A12&I$3,'Bảng giá chi tiết'!$C:$J,8,0),"") | ... W12: =IFERROR(VLOOKUP($A$1&$A12&W$3,'Bảng giá chi tiết'!$C:$J,8,0),"") -> 3369? | X12: 07
A13: DT Thông Thuỷ | B13: 32, 6 | C13: 72, 8 | D13: 130, 4 | E13: 70, 7 | F13: 31, 6 | G13: 46, 3 | H13: 46, 3 | I13: 47, 6 | J13: 73, 5 | K13: 73, 5 | L13: 65, 7 | M13: 47, 5 | N13: 42, 7 | O13: 65, 7 | P13: 31, 2 | Q13: 83, 8 | R13: 106, 4 | S13: 30, 7 | T13: 72, 9 | U13: 47, 8 | V13: 31 | W13: 47, 8 | X13: DT Thông Thuỷ
A14: DT Tim Tường | B14: 36, 6 | C14: 79, 2 | D14: 139, 0 | E14: 76, 3 | F14: 36, 6 | G14: 51, 2 | H14: 51, 2 | I14: 52, 4 | J14: 78, 5 | K14: 78, 5 | L14: 71, 6 | M14: 52, 4 | N14: 47, 8 | O14: 71, 6 | P14: 35, 1 | Q14: 90, 4 | R14: 113, 6 | S14: 34, 8 | T14: 79, 7 | U14: 52, 7 | V14: 34, 7 | W14: 52, 9 | X14: DT Tim Tường
A15: 08 | B15: =IFERROR(VLOOKUP($A$1&$A15&B$3,'Bảng giá chi tiết'!$C:$J,8,0),"") | C15: =IFERROR(VLOOKUP($A$1&$A15&C$3,'Bảng giá chi tiết'!$C:$J,8,0),"") -> 5201? | D15: =IFERROR(VLOOKUP($A$1&$A15&D$3,'Bảng giá chi tiết'!$C:$J,8,0),"") | E15: =IFERROR(VLOOKUP($A$1&$A15&E$3,'Bảng giá chi tiết'!$C:$J,8,0),"") | F15: =IFERROR(VLOOKUP($A$1&$A15&F$3,'Bảng giá chi tiết'!$C:$J,8,0),"") | G15: =IFERROR(VLOOKUP($A$1&$A15&G$3,'Bảng giá chi tiết'!$C:$J,8,0),"") -> 3107? | H15: =IFERROR(VLOOKUP($A$1&$A15&H$3,'Bảng giá chi tiết'!$C:$J,8,0),"") | I15: =IFERROR(VLOOKUP($A$1&$A15&I$3,'Bảng giá chi tiết'!$C:$J,8,0),"") -> 3248? | ... W15: =IFERROR(VLOOKUP($A$1&$A15&W$3,'Bảng giá chi tiết'!$C:$J,8,0),"") -> 3418? | X15: 08
A16: 09 | B16: =IFERROR(VLOOKUP($A$1&$A16&B$3,'Bảng giá chi tiết'!$C:$J,8,0),"") | C16: =IFERROR(VLOOKUP($A$1&$A16&C$3,'Bảng giá chi tiết'!$C:$J,8,0),"") | D16: =IFERROR(VLOOKUP($A$1&$A16&D$3,'Bảng giá chi tiết'!$C:$J,8,0),"") | E16: =IFERROR(VLOOKUP($A$1&$A16&E$3,'Bảng giá chi tiết'!$C:$J,8,0),"") | F16: =IFERROR(VLOOKUP($A$1&$A16&F$3,'Bảng giá chi tiết'!$C:$J,8,0),"") | G16: =IFERROR(VLOOKUP($A$1&$A16&G$3,'Bảng giá chi tiết'!$C:$J,8,0),"") | H16: =IFERROR(VLOOKUP($A$1&$A16&H$3,'Bảng giá chi tiết'!$C:$J,8,0),"") | I16: =IFERROR(VLOOKUP($A$1&$A16&I$3,'Bảng giá chi tiết'!$C:$J,8,0),"") | ... W16: =IFERROR(VLOOKUP($A$1&$A16&W$3,'Bảng giá chi tiết'!$C:$J,8,0),"") | X16: 09
A17: 10 | B17: =IFERROR(VLOOKUP($A$1&$A17&B$3,'Bảng giá chi tiết'!$C:$J,8,0),"") | C17: =IFERROR(VLOOKUP($A$1&$A17&C$3,'Bảng giá chi tiết'!$C:$J,8,0),"") | D17: =IFERROR(VLOOKUP($A$1&$A17&D$3,'Bảng giá chi tiết'!$C:$J,8,0),"") -> 9573? | E17: =IFERROR(VLOOKUP($A$1&$A17&E$3,'Bảng giá chi tiết'!$C:$J,8,0),"") | F17: =IFERROR(VLOOKUP($A$1&$A17&F$3,'Bảng giá chi tiết'!$C:$J,8,0),"") | G17: =IFERROR(VLOOKUP($A$1&$A17&G$3,'Bảng giá chi tiết'!$C:$J,8,0),"") -> 3145? | H17: =IFERROR(VLOOKUP($A$1&$A17&H$3,'Bảng giá chi tiết'!$C:$J,8,0),"") | I17: =IFERROR(VLOOKUP($A$1&$A17&I$3,'Bảng giá chi tiết'!$C:$J,8,0),"") -> 3287? | ... W17: =IFERROR(VLOOKUP($A$1&$A17&W$3,'Bảng giá chi tiết'!$C:$J,8,0),"") | X17: 10
A18: 11 | B18: =IFERROR(VLOOKUP($A$1&$A18&B$3,'Bảng giá chi tiết'!$C:$J,8,0),"") | C18: =IFERROR(VLOOKUP($A$1&$A18&C$3,'Bảng giá chi tiết'!$C:$J,8,0),"") | D18: =IFERROR(VLOOKUP($A$1&$A18&D$3,'Bảng giá chi tiết'!$C:$J,8,0),"") | E18: =IFERROR(VLOOKUP($A$1&$A18&E$3,'Bảng giá chi tiết'!$C:$J,8,0),"") | F18: =IFERROR(VLOOKUP($A$1&$A18&F$3,'Bảng giá chi tiết'!$C:$J,8,0),"") | G18: =IFERROR(VLOOKUP($A$1&$A18&G$3,'Bảng giá chi tiết'!$C:$J,8,0),"") | H18: =IFERROR(VLOOKUP($A$1&$A18&H$3,'Bảng giá chi tiết'!$C:$J,8,0),"") | I18: =IFERROR(VLOOKUP($A$1&$A18&I$3,'Bảng giá chi tiết'!$C:$J,8,0),"") | ... W18: =IFERROR(VLOOKUP($A$1&$A18&W$3,'Bảng giá chi tiết'!$C:$J,8,0),"") | X18: 11
A19: 12 | B19: =IFERROR(VLOOKUP($A$1&$A19&B$3,'Bảng giá chi tiết'!$C:$J,8,0),"") | C19: =IFERROR(VLOOKUP($A$1&$A19&C$3,'Bảng giá chi tiết'!$C:$J,8,0),"") | D19: =IFERROR(VLOOKUP($A$1&$A19&D$3,'Bảng giá chi tiết'!$C:$J,8,0),"") | E19: =IFERROR(VLOOKUP($A$1&$A19&E$3,'Bảng giá chi tiết'!$C:$J,8,0),"") | F19: =IFERROR(VLOOKUP($A$1&$A19&F$3,'Bảng giá chi tiết'!$C:$J,8,0),"") | G19: =IFERROR(VLOOKUP($A$1&$A19&G$3,'Bảng giá chi tiết'!$C:$J,8,0),"") | H19: =IFERROR(VLOOKUP($A$1&$A19&H$3,'Bảng giá chi tiết'!$C:$J,8,0),"") | I19: =IFERROR(VLOOKUP($A$1&$A19&I$3,'Bảng giá chi tiết'!$C:$J,8,0),"") | ... W19: =IFERROR(VLOOKUP($A$1&$A19&W$3,'Bảng giá chi tiết'!$C:$J,8,0),"") | X19: 12
A20: 13 | B20: =IFERROR(VLOOKUP($A$1&$A20&B$3,'Bảng giá chi tiết'!$C:$J,8,0),"") -> 2403? | C20: =IFERROR(VLOOKUP($A$1&$A20&C$3,'Bảng giá chi tiết'!$C:$J,8,0),"") -> 5191? | D20: =IFERROR(VLOOKUP($A$1&$A20&D$3,'Bảng giá chi tiết'!$C:$J,8,0),"") | E20: =IFERROR(VLOOKUP($A$1&$A20&E$3,'Bảng giá chi tiết'!$C:$J,8,0),"") | F20: =IFERROR(VLOOKUP($A$1&$A20&F$3,'Bảng giá chi tiết'!$C:$J,8,0),"") -> 2202? | G20: =IFERROR(VLOOKUP($A$1&$A20&G$3,'Bảng giá chi tiết'!$C:$J,8,0),"") -> 3101? | H20: =IFERROR(VLOOKUP($A$1&$A20&H$3,'Bảng giá chi tiết'!$C:$J,8,0),"") -> 3069? | I20: =IFERROR(VLOOKUP($A$1&$A20&I$3,'Bảng giá chi tiết'!$C:$J,8,0),"") -> 3241? | ... W20: =IFERROR(VLOOKUP($A$1&$A20&W$3,'Bảng giá chi tiết'!$C:$J,8,0),"") -> 3428? | X20: 13
A21: 14 | B21: =IFERROR(VLOOKUP($A$1&$A21&B$3,'Bảng giá chi tiết'!$C:$J,8,0),"") | C21: =IFERROR(VLOOKUP($A$1&$A21&C$3,'Bảng giá chi tiết'!$C:$J,8,0),"") | D21: =IFERROR(VLOOKUP($A$1&$A21&D$3,'Bảng giá chi tiết'!$C:$J,8,0),"") | E21: =IFERROR(VLOOKUP($A$1&$A21&E$3,'Bảng giá chi tiết'!$C:$J,8,0),"") | F21: =IFERROR(VLOOKUP($A$1&$A21&F$3,'Bảng giá chi tiết'!$C:$J,8,0),"") | G21: =IFERROR(VLOOKUP($A$1&$A21&G$3,'Bảng giá chi tiết'!$C:$J,8,0),"") | H21: =IFERROR(VLOOKUP($A$1&$A21&H$3,'Bảng giá chi tiết'!$C:$J,8,0),"") | I21: =IFERROR(VLOOKUP($A$1&$A21&I$3,'Bảng giá chi tiết'!$C:$J,8,0),"") | ... W21: =IFERROR(VLOOKUP($A$1&$A21&W$3,'Bảng giá chi tiết'!$C:$J,8,0),"") | X21: 14
A22: 15 | B22: =IFERROR(VLOOKUP($A$1&$A22&B$3,'Bảng giá chi tiết'!$C:$J,8,0),"") | C22: =IFERROR(VLOOKUP($A$1&$A22&C$3,'Bảng giá chi tiết'!$C:$J,8,0),"") | D22: =IFERROR(VLOOKUP($A$1&$A22&D$3,'Bảng giá chi tiết'!$C:$J,8,0),"") -> 0? | E22: =IFERROR(VLOOKUP($A$1&$A22&E$3,'Bảng giá chi tiết'!$C:$J,8,0),"") -> 4966? | F22: =IFERROR(VLOOKUP($A$1&$A22&F$3,'Bảng giá chi tiết'!$C:$J,8,0),"") | G22: =IFERROR(VLOOKUP($A$1&$A22&G$3,'Bảng giá chi tiết'!$C:$J,8,0),"") | H22: =IFERROR(VLOOKUP($A$1&$A22&H$3,'Bảng giá chi tiết'!$C:$J,8,0),"") | I22: =IFERROR(VLOOKUP($A$1&$A22&I$3,'Bảng giá chi tiết'!$C:$J,8,0),"") -> 0? | ... W22: =IFERROR(VLOOKUP($A$1&$A22&W$3,'Bảng giá chi tiết'!$C:$J,8,0),"") | X22: 15
A23: 16 | B23: =IFERROR(VLOOKUP($A$1&$A23&B$3,'Bảng giá chi tiết'!$C:$J,8,0),"") | C23: =IFERROR(VLOOKUP($A$1&$A23&C$3,'Bảng giá chi tiết'!$C:$J,8,0),"") | D23: =IFERROR(VLOOKUP($A$1&$A23&D$3,'Bảng giá chi tiết'!$C:$J,8,0),"") -> 9919. | E23: =IFERROR(VLOOKUP($A$1&$A23&E$3,'Bảng giá chi tiết'!$C:$J,8,0),"") -> 5034. | F23: =IFERROR(VLOOKUP($A$1&$A23&F$3,'Bảng giá chi tiết'!$C:$J,8,0),"") | G23: =IFERROR(VLOOKUP($A$1&$A23&G$3,'Bảng giá chi tiết'!$C:$J,8,0),"") -> 3268. | H23: =IFERROR(VLOOKUP($A$1&$A23&H$3,'Bảng giá chi tiết'!$C:$J,8,0),"") -> 3237. | I23: =IFERROR(VLOOKUP($A$1&$A23&I$3,'Bảng giá chi tiết'!$C:$J,8,0),"") -> 3413. | ... W23: =IFERROR(VLOOKUP($A$1&$A23&W$3,'Bảng giá chi tiết'!$C:$J,8,0),"") | X23: 16
A24: 17 | B24: =IFERROR(VLOOKUP($A$1&$A24&B$3,'Bảng giá chi tiết'!$C:$J,8,0),"") | C24: =IFERROR(VLOOKUP($A$1&$A24&C$3,'Bảng giá chi tiết'!$C:$J,8,0),"") -> 6088? | D24: =IFERROR(VLOOKUP($A$1&$A24&D$3,'Bảng giá chi tiết'!$C:$J,8,0),"") -> 11032? | E24: =IFERROR(VLOOKUP($A$1&$A24&E$3,'Bảng giá chi tiết'!$C:$J,8,0),"") -> 5015? | F24: =IFERROR(VLOOKUP($A$1&$A24&F$3,'Bảng giá chi tiết'!$C:$J,8,0),"") -> 3788? | G24: =IFERROR(VLOOKUP($A$1&$A24&G$3,'Bảng giá chi tiết'!$C:$J,8,0),"") -> 3646? | H24: =IFERROR(VLOOKUP($A$1&$A24&H$3,'Bảng giá chi tiết'!$C:$J,8,0),"") -> 3611? | I24: =IFERROR(VLOOKUP($A$1&$A24&I$3,'Bảng giá chi tiết'!$C:$J,8,0),"") -> 3809? | ... W24: =IFERROR(VLOOKUP($A$1&$A24&W$3,'Bảng giá chi tiết'!$C:$J,8,0),"") -> 4022? | X24: 17
A25: 18 | B25: =IFERROR(VLOOKUP($A$1&$A25&B$3,'Bảng giá chi tiết'!$C:$J,8,0),"") | C25: =IFERROR(VLOOKUP($A$1&$A25&C$3,'Bảng giá chi tiết'!$C:$J,8,0),"") | D25: =IFERROR(VLOOKUP($A$1&$A25&D$3,'Bảng giá chi tiết'!$C:$J,8,0),"") | E25: =IFERROR(VLOOKUP($A$1&$A25&E$3,'Bảng giá chi tiết'!$C:$J,8,0),"") -> 0? | F25: =IFERROR(VLOOKUP($A$1&$A25&F$3,'Bảng giá chi tiết'!$C:$J,8,0),"") | G25: =IFERROR(VLOOKUP($A$1&$A25&G$3,'Bảng giá chi tiết'!$C:$J,8,0),"") -> 0? | H25: =IFERROR(VLOOKUP($A$1&$A25&H$3,'Bảng giá chi tiết'!$C:$J,8,0),"") -> 0? | I25: =IFERROR(VLOOKUP($A$1&$A25&I$3,'Bảng giá chi tiết'!$C:$J,8,0),"") | ... W25: =IFERROR(VLOOKUP($A$1&$A25&W$3,'Bảng giá chi tiết'!$C:$J,8,0),"") | X25: 18
A26: 19 | B26: =IFERROR(VLOOKUP($A$1&$A26&B$3,'Bảng giá chi tiết'!$C:$J,8,0),"") | C26: =IFERROR(VLOOKUP($A$1&$A26&C$3,'Bảng giá chi tiết'!$C:$J,8,0),"") | D26: =IFERROR(VLOOKUP($A$1&$A26&D$3,'Bảng giá chi tiết'!$C:$J,8,0),"") | E26: =IFERROR(VLOOKUP($A$1&$A26&E$3,'Bảng giá chi tiết'!$C:$J,8,0),"") | F26: =IFERROR(VLOOKUP($A$1&$A26&F$3,'Bảng giá chi tiết'!$C:$J,8,0),"") | G26: =IFERROR(VLOOKUP($A$1&$A26&G$3,'Bảng giá chi tiết'!$C:$J,8,0),"") | H26: =IFERROR(VLOOKUP($A$1&$A26&H$3,'Bảng giá chi tiết'!$C:$J,8,0),"") | I26: =IFERROR(VLOOKUP($A$1&$A26&I$3,'Bảng giá chi tiết'!$C:$J,8,0),"") | ... W26: =IFERROR(VLOOKUP($A$1&$A26&W$3,'Bảng giá chi tiết'!$C:$J,8,0),"") | X26: 19
A27: 20 | B27: =IFERROR(VLOOKUP($A$1&$A27&B$3,'Bảng giá chi tiết'!$C:$J,8,0),"") -> 0? | C27: =IFERROR(VLOOKUP($A$1&$A27&C$3,'Bảng giá chi tiết'!$C:$J,8,0),"") | D27: =IFERROR(VLOOKUP($A$1&$A27&D$3,'Bảng giá chi tiết'!$C:$J,8,0),"") -> 11221? | E27: =IFERROR(VLOOKUP($A$1&$A27&E$3,'Bảng giá chi tiết'!$C:$J,8,0),"") -> 0? | F27: =IFERROR(VLOOKUP($A$1&$A27&F$3,'Bảng giá chi tiết'!$C:$J,8,0),"") -> 0? | G27: =IFERROR(VLOOKUP($A$1&$A27&G$3,'Bảng giá chi tiết'!$C:$J,8,0),"") | H27: =IFERROR(VLOOKUP($A$1&$A27&H$3,'Bảng giá chi tiết'!$C:$J,8,0),"") -> 0? | I27: =IFERROR(VLOOKUP($A$1&$A27&I$3,'Bảng giá chi tiết'!$C:$J,8,0),"") -> 0? | ... W27: =IFERROR(VLOOKUP($A$1&$A27&W$3,'Bảng giá chi tiết'!$C:$J,8,0),"") | X27: 20
A28: 21 | B28: =IFERROR(VLOOKUP($A$1&$A28&B$3,'Bảng giá chi tiết'!$C:$J,8,0),"") -> 2532? | C28: =IFERROR(VLOOKUP($A$1&$A28&C$3,'Bảng giá chi tiết'!$C:$J,8,0),"") -> 5479? | D28: =IFERROR(VLOOKUP($A$1&$A28&D$3,'Bảng giá chi tiết'!$C:$J,8,0),"") -> 11151? | E28: =IFERROR(VLOOKUP($A$1&$A28&E$3,'Bảng giá chi tiết'!$C:$J,8,0),"") -> 0? | F28: =IFERROR(VLOOKUP($A$1&$A28&F$3,'Bảng giá chi tiết'!$C:$J,8,0),"") | G28: =IFERROR(VLOOKUP($A$1&$A28&G$3,'Bảng giá chi tiết'!$C:$J,8,0),"") | H28: =IFERROR(VLOOKUP($A$1&$A28&H$3,'Bảng giá chi tiết'!$C:$J,8,0),"") -> 3643? | I28: =IFERROR(VLOOKUP($A$1&$A28&I$3,'Bảng giá chi tiết'!$C:$J,8,0),"") | ... W28: =IFERROR(VLOOKUP($A$1&$A28&W$3,'Bảng giá chi tiết'!$C:$J,8,0),"") -> 0? | X28: 21
A29: 22 | B29: =IFERROR(VLOOKUP($A$1&$A29&B$3,'Bảng giá chi tiết'!$C:$J,8,0),"") | C29: =IFERROR(VLOOKUP($A$1&$A29&C$3,'Bảng giá chi tiết'!$C:$J,8,0),"") -> 0? | D29: =IFERROR(VLOOKUP($A$1&$A29&D$3,'Bảng giá chi tiết'!$C:$J,8,0),"") -> 9910? | E29: =IFERROR(VLOOKUP($A$1&$A29&E$3,'Bảng giá chi tiết'!$C:$J,8,0),"") -> 5029? | F29: =IFERROR(VLOOKUP($A$1&$A29&F$3,'Bảng giá chi tiết'!$C:$J,8,0),"") | G29: =IFERROR(VLOOKUP($A$1&$A29&G$3,'Bảng giá chi tiết'!$C:$J,8,0),"") -> 3265? | H29: =IFERROR(VLOOKUP($A$1&$A29&H$3,'Bảng giá chi tiết'!$C:$J,8,0),"") -> 3233? | I29: =IFERROR(VLOOKUP($A$1&$A29&I$3,'Bảng giá chi tiết'!$C:$J,8,0),"") -> 0? | ... W29: =IFERROR(VLOOKUP($A$1&$A29&W$3,'Bảng giá chi tiết'!$C:$J,8,0),"") -> 3613? | X29: 22
A30: TẦNG/CĂN | B30: -01 | D30: -02 | E30: -03 | F30: -05A | G30: -05 | H30: -06 | I30: -08A | K30: -08 | M30: -09 | N30: -10 | O30: -11 | P30: -12 | R30: -12A | S30: -15A | T30: -15 | U30: -16 | V30: -18A | W30: -18 | X30: TẦNG/CĂN
A31: DT Thông Thuỷ | B31: 106, 6 | D31: 130, 4 | E31: 70, 7 | F31: 31, 6 | G31: 46, 3 | H31: 46, 3 | I31: 122, 2 | K31: 140, 5 | M31: 47, 5 | N31: 42, 6 | O31: 65, 7 | P31: 116, 7 | R31: 105, 9 | S31: 30, 7 | T31: 72, 9 | U31: 47, 8 | V31: 31 | W31: 47, 8 | X31: DT Thông Thuỷ
A32: DT Tim Tường | B32: 115, 9 | D32: 139, 0 | E32: 76, 3 | F32: 36, 6 | G32: 51, 2 | H32: 51, 2 | I32: 131, 0 | K32: 150, 3 | M32: 52, 4 | N32: 47, 6 | O32: 71, 6 | P32: 125, 5 | R32: 113, 8 | S32: 34, 8 | T32: 79, 7 | U32: 52, 7 | V32: 34, 7 | W32: 52, 9 | X32: DT Tim Tường
A33: Số PN | B33: DL T1 | D33: 4BR | E33: 2BR | F33: STU | G33: 1BR+ | H33: 1BR+ | I33: DL T1 | K33: DL T1 | M33: 1BR+ | N33: 1BR | O33: 2BR | P33: DL T1 | R33: DL T1 | S33: STU | T33: 2BR+ | U33: 1BR+ | V33: STU | W33: 1BR+ | X33: Số PN
A34: 23 | B34: =IFERROR(VLOOKUP($A$1&$A34&B$30,'Bảng giá chi tiết'!$C:$J,8,0),"") | D34: =IFERROR(VLOOKUP($A$1&$A34&D$30,'Bảng giá chi tiết'!$C:$J,8,0),"") | E34: =IFERROR(VLOOKUP($A$1&$A34&E$30,'Bảng giá chi tiết'!$C:$J,8,0),"") -> 5019? | F34: =IFERROR(VLOOKUP($A$1&$A34&F$30,'Bảng giá chi tiết'!$C:$J,8,0),"") | G34: =IFERROR(VLOOKUP($A$1&$A34&G$30,'Bảng giá chi tiết'!$C:$J,8,0),"") -> 0? | H34: =IFERROR(VLOOKUP($A$1&$A34&H$30,'Bảng giá chi tiết'!$C:$J,8,0),"") -> 0? | I34: =IFERROR(VLOOKUP($A$1&$A34&I$30,'Bảng giá chi tiết'!$C:$J,8,0),"") | J34: =IFERROR(VLOOKUP($A$1&$A34&J$30,'Bảng giá chi tiết'!$C:$J,8,0),"") | K34: =IFERROR(VLOOKUP($A$1&$A34&K$30,'Bảng giá chi tiết'!$C:$J,8,0),"") | ... W34: =IFERROR(VLOOKUP($A$1&$A34&W$30,'Bảng giá chi tiết'!$C:$J,8,0),"") -> 0? | X34: 23
A35: 25 | B35: =IFERROR(VLOOKUP($A$1&$A35&B$30,'Bảng giá chi tiết'!$C:$J,8,0),"") | D35: =IFERROR(VLOOKUP($A$1&$A35&D$30,'Bảng giá chi tiết'!$C:$J,8,0),"") -> 9688? | E35: =IFERROR(VLOOKUP($A$1&$A35&E$30,'Bảng giá chi tiết'!$C:$J,8,0),"") | F35: =IFERROR(VLOOKUP($A$1&$A35&F$30,'Bảng giá chi tiết'!$C:$J,8,0),"") | G35: =IFERROR(VLOOKUP($A$1&$A35&G$30,'Bảng giá chi tiết'!$C:$J,8,0),"") -> 3170? | H35: =IFERROR(VLOOKUP($A$1&$A35&H$30,'Bảng giá chi tiết'!$C:$J,8,0),"") -> 3186? | I35: =IFERROR(VLOOKUP($A$1&$A35&I$30,'Bảng giá chi tiết'!$C:$J,8,0),"") | J35: =IFERROR(VLOOKUP($A$1&$A35&J$30,'Bảng giá chi tiết'!$C:$J,8,0),"") | K35: =IFERROR(VLOOKUP($A$1&$A35&K$30,'Bảng giá chi tiết'!$C:$J,8,0),"") | ... W35: =IFERROR(VLOOKUP($A$1&$A35&W$30,'Bảng giá chi tiết'!$C:$J,8,0),"") -> 3532? | X35: 25
A36: TẦNG/CĂN | D36: -01 | E36: -02 | F36: -03 | G36: -05A | H36: -05 | M36: -06 | N36: -07 | O36: -08 | S36: -09 | T36: -10 | U36: -11 | V36: -12 | W36: -12A | X36: TẦNG/CĂN
A37: DT Thông Thuỷ | B37: 83, 7 | D37: 130, 4 | E37: 70, 7 | F37: 31, 6 | G37: 46, 3 | H37: 46, 3 | I37: 100, 9 | K37: 109, 8 | M37: 47, 5 | N37: 42, 6 | O37: 65, 7 | P37: 83, 6 | R37: 81, 2 | S37: 30, 7 | T37: 72, 9 | U37: 47, 8 | V37: 31 | W37: 47, 8 | X37: DT Thông Thuỷ
A38: DT Tim Tường | B38: 90, 0 | D38: 139, 0 | E38: 76, 3 | F38: 36, 6 | G38: 51, 2 | H38: 51, 2 | I38: 107, 5 | K38: 116, 4 | M38: 52, 4 | N38: 47, 6 | O38: 71, 6 | P38: 88, 7 | R38: 86, 2 | S38: 34, 8 | T38: 79, 7 | U38: 52, 7 | V38: 34, 7 | W38: 52, 9 | X38: DT Tim Tường
A39: Số PN | B39: DL T2 | D39: 4BR | E39: 2BR | F39: STU | G39: 1BR+ | H39: 1BR+ | I39: DL T2 | K39: DL T2 | M39: 1BR+ | N39: 1BR | O39: 2BR | P39: DL T2 | R39: DL T2 | S39: STU | T39: 2BR+ | U39: 1BR+ | V39: STU | W39: 1BR+ | X39: Số PN
A40: 24 | B40: =IFERROR(VLOOKUP($A$1&$A40&B$30,'Bảng giá chi tiết'!$C:$J,8,0),"") -> 0? | D40: =IFERROR(VLOOKUP($A$1&$A40&D$36,'Bảng giá chi tiết'!$C:$J,8,0),"") -> 0? | E40: =IFERROR(VLOOKUP($A$1&$A40&E$36,'Bảng giá chi tiết'!$C:$J,8,0),"") -> 0? | F40: =IFERROR(VLOOKUP($A$1&$A40&F$36,'Bảng giá chi tiết'!$C:$J,8,0),"") | G40: =IFERROR(VLOOKUP($A$1&$A40&G$36,'Bảng giá chi tiết'!$C:$J,8,0),"") -> 0? | H40: =IFERROR(VLOOKUP($A$1&$A40&H$36,'Bảng giá chi tiết'!$C:$J,8,0),"") -> 0? | I40: =IFERROR(VLOOKUP($A$1&$A40&I$36,'Bảng giá chi tiết'!$C:$J,8,0),"") | J40: =IFERROR(VLOOKUP($A$1&$A40&J$36,'Bảng giá chi tiết'!$C:$J,8,0),"") | K40: =IFERROR(VLOOKUP($A$1&$A40&K$36,'Bảng giá chi tiết'!$C:$J,8,0),"") | ... W40: =IFERROR(VLOOKUP($A$1&$A40&W$36,'Bảng giá chi tiết'!$C:$J,8,0),"") -> 0? | X40: 24
A41: 26 | B41: =IFERROR(VLOOKUP($B$2&$A41&B$3,'Bảng giá '!$C:$H,6,0),"") | D41: =IFERROR(VLOOKUP($A$1&$A41&D$36,'Bảng giá chi tiết'!$C:$J,8,0),"") | E41: =IFERROR(VLOOKUP($A$1&$A41&E$36,'Bảng giá chi tiết'!$C:$J,8,0),"") | F41: =IFERROR(VLOOKUP($A$1&$A41&F$36,'Bảng giá chi tiết'!$C:$J,8,0),"") | G41: =IFERROR(VLOOKUP($A$1&$A41&G$36,'Bảng giá chi tiết'!$C:$J,8,0),"") | H41: =IFERROR(VLOOKUP($A$1&$A41&H$36,'Bảng giá chi tiết'!$C:$J,8,0),"") | I41: =IFERROR(VLOOKUP($A$1&$A41&I$36,'Bảng giá chi tiết'!$C:$J,8,0),"") | J41: =IFERROR(VLOOKUP($A$1&$A41&J$36,'Bảng giá chi tiết'!$C:$J,8,0),"") | K41: =IFERROR(VLOOKUP($A$1&$A41&K$36,'Bảng giá chi tiết'!$C:$J,8,0),"") | ... W41: =IFERROR(VLOOKUP($A$1&$A41&W$36,'Bảng giá chi tiết'!$C:$J,8,0),"") -> 0? | X41: 26

Sheet L2-MGC
A1: C5L2- | B1: BẢNG HÀNG MASTERI GRAND COAST- Toà C5L2
A2: Tòa | B2: Ngày cập nhật | C2: =today() -> 46212 | G2: CHECK ADMIN | J2: QUỸ ĐỘC QUYỀN | M2: Đã bán | Q2: Giá chưa bao gồm VAT và KPBT
A3: TẦNG/CĂN | B3: -01 | C3: -02 | D3: -03 | E3: -05A | F3: -05 | G3: -06 | H3: -08A | I3: -08 | J3: -09 | K3: -10 | L3: -11 | M3: -12 | N3: -12A | O3: -15A | P3: -15 | Q3: -16 | R3: -18A | S3: -18 | T3: -19 | U3: -20 | V3: -21 | W3: -22 | X3: TẦNG/CĂN
A4: DT Thông Thuỷ | B4: 47.8 | C4: 31 | D4: 47.8 | E4: 72.9 | F4: 46233 | G4: 106.4 | H4: 83.8 | I4: 31.2 | J4: 65.7 | K4: 42.6 | L4: 47.5 | M4: 65.7 | N4: 73.5 | O4: 73.5 | P4: 47.6 | Q4: 46.3 | R4: 46.3 | S4: 31.6 | T4: 70.7 | U4: 130.4 | V4: 72.8 | W4: 32.6 | X4: DT Thông Thuỷ
A5: DT Tim Tường | X5: DT Tim Tường
A6: Hướng | B6: TN | C6: TN | D6: TN | E6: TN | F6: TN | G6: TN-TB | H6: TB-ĐB | I6: ĐB | J6: ĐB | K6: ĐB | L6: ĐB | M6: ĐB | N6: ĐB | O6: ĐN | P6: ĐN | Q6: ĐN | R6: ĐN | S6: ĐN | T6: ĐN-TN | U6: TB-TN | V6: TB | W6: TB | X6: Hướng
A7: Số PN | B7: 1BR+ | C7: STU | D7: 1BR+ | E7: 2BR+ | F7: STU | G7: 3BR | H7: 2BR+ | I7: STU | J7: 2BR | K7: 1BR | L7: 1BR+ | M7: 2BR | N7: 2BR+ | O7: 2BR+ | P7: 1BR+ | Q7: 1BR+ | R7: 1BR+ | S7: STU | T7: 2BR | U7: 4BR | V7: 2BR+ | W7: STU | X7: Số PN
A8: 02 | B8: =IFERROR(VLOOKUP($A$1&$A8&B$3,'Bảng giá chi tiết'!$C:$J,8,0),"") | C8: =IFERROR(VLOOKUP($A$1&$A8&C$3,'Bảng giá chi tiết'!$C:$J,8,0),"") | D8: =IFERROR(VLOOKUP($A$1&$A8&D$3,'Bảng giá chi tiết'!$C:$J,8,0),"") | E8: =IFERROR(VLOOKUP($A$1&$A8&E$3,'Bảng giá chi tiết'!$C:$J,8,0),"") | F8: =IFERROR(VLOOKUP($A$1&$A8&F$3,'Bảng giá chi tiết'!$C:$J,8,0),"") | G8: =IFERROR(VLOOKUP($A$1&$A8&G$3,'Bảng giá chi tiết'!$C:$J,8,0),"") | H8: =IFERROR(VLOOKUP($A$1&$A8&H$3,'Bảng giá chi tiết'!$C:$J,8,0),"") | I8: =IFERROR(VLOOKUP($A$1&$A8&I$3,'Bảng giá chi tiết'!$C:$J,8,0),"") | ... W8: =IFERROR(VLOOKUP($A$1&$A8&W$3,'Bảng giá chi tiết'!$C:$J,8,0),"") | X8: 02
A9: 03 | B9: =IFERROR(VLOOKUP($A$1&$A9&B$3,'Bảng giá chi tiết'!$C:$J,8,0),"") -> 0? | C9: =IFERROR(VLOOKUP($A$1&$A9&C$3,'Bảng giá chi tiết'!$C:$J,8,0),"") | D9: =IFERROR(VLOOKUP($A$1&$A9&D$3,'Bảng giá chi tiết'!$C:$J,8,0),"") | E9: =IFERROR(VLOOKUP($A$1&$A9&E$3,'Bảng giá chi tiết'!$C:$J,8,0),"") -> 0? | F9: =IFERROR(VLOOKUP($A$1&$A9&F$3,'Bảng giá chi tiết'!$C:$J,8,0),"") | G9: =IFERROR(VLOOKUP($A$1&$A9&G$3,'Bảng giá chi tiết'!$C:$J,8,0),"") -> 0? | H9: =IFERROR(VLOOKUP($A$1&$A9&H$3,'Bảng giá chi tiết'!$C:$J,8,0),"") | I9: =IFERROR(VLOOKUP($A$1&$A9&I$3,'Bảng giá chi tiết'!$C:$J,8,0),"") | ... W9: =IFERROR(VLOOKUP($A$1&$A9&W$3,'Bảng giá chi tiết'!$C:$J,8,0),"") | X9: 03
A10: 04 | B10: =IFERROR(VLOOKUP($A$1&$A10&B$3,'Bảng giá chi tiết'!$C:$J,8,0),"") | C10: =IFERROR(VLOOKUP($A$1&$A10&C$3,'Bảng giá chi tiết'!$C:$J,8,0),"") | D10: =IFERROR(VLOOKUP($A$1&$A10&D$3,'Bảng giá chi tiết'!$C:$J,8,0),"") -> 3449. | E10: =IFERROR(VLOOKUP($A$1&$A10&E$3,'Bảng giá chi tiết'!$C:$J,8,0),"") -> 5053. | F10: =IFERROR(VLOOKUP($A$1&$A10&F$3,'Bảng giá chi tiết'!$C:$J,8,0),"") | G10: =IFERROR(VLOOKUP($A$1&$A10&G$3,'Bảng giá chi tiết'!$C:$J,8,0),"") -> 8544? | H10: =IFERROR(VLOOKUP($A$1&$A10&H$3,'Bảng giá chi tiết'!$C:$J,8,0),"") -> 5418. | I10: =IFERROR(VLOOKUP($A$1&$A10&I$3,'Bảng giá chi tiết'!$C:$J,8,0),"") | ... W10: =IFERROR(VLOOKUP($A$1&$A10&W$3,'Bảng giá chi tiết'!$C:$J,8,0),"") | X10: 04
A11: 05 | B11: =IFERROR(VLOOKUP($A$1&$A11&B$3,'Bảng giá chi tiết'!$C:$J,8,0),"") -> 3366? | C11: =IFERROR(VLOOKUP($A$1&$A11&C$3,'Bảng giá chi tiết'!$C:$J,8,0),"") | D11: =IFERROR(VLOOKUP($A$1&$A11&D$3,'Bảng giá chi tiết'!$C:$J,8,0),"") | E11: =IFERROR(VLOOKUP($A$1&$A11&E$3,'Bảng giá chi tiết'!$C:$J,8,0),"") -> 5155? | F11: =IFERROR(VLOOKUP($A$1&$A11&F$3,'Bảng giá chi tiết'!$C:$J,8,0),"") | G11: =IFERROR(VLOOKUP($A$1&$A11&G$3,'Bảng giá chi tiết'!$C:$J,8,0),"") -> 7782? | H11: =IFERROR(VLOOKUP($A$1&$A11&H$3,'Bảng giá chi tiết'!$C:$J,8,0),"") -> 5534? | I11: =IFERROR(VLOOKUP($A$1&$A11&I$3,'Bảng giá chi tiết'!$C:$J,8,0),"") | ... W11: =IFERROR(VLOOKUP($A$1&$A11&W$3,'Bảng giá chi tiết'!$C:$J,8,0),"") | X11: 05
A12: 06 | B12: =IFERROR(VLOOKUP($A$1&$A12&B$3,'Bảng giá chi tiết'!$C:$J,8,0),"") -> 0? | C12: =IFERROR(VLOOKUP($A$1&$A12&C$3,'Bảng giá chi tiết'!$C:$J,8,0),"") | D12: =IFERROR(VLOOKUP($A$1&$A12&D$3,'Bảng giá chi tiết'!$C:$J,8,0),"") | E12: =IFERROR(VLOOKUP($A$1&$A12&E$3,'Bảng giá chi tiết'!$C:$J,8,0),"") -> 0? | F12: =IFERROR(VLOOKUP($A$1&$A12&F$3,'Bảng giá chi tiết'!$C:$J,8,0),"") | G12: =IFERROR(VLOOKUP($A$1&$A12&G$3,'Bảng giá chi tiết'!$C:$J,8,0),"") -> 7967? | H12: =IFERROR(VLOOKUP($A$1&$A12&H$3,'Bảng giá chi tiết'!$C:$J,8,0),"") -> 0? | I12: =IFERROR(VLOOKUP($A$1&$A12&I$3,'Bảng giá chi tiết'!$C:$J,8,0),"") | ... W12: =IFERROR(VLOOKUP($A$1&$A12&W$3,'Bảng giá chi tiết'!$C:$J,8,0),"") | X12: 06
A13: 07 | B13: =IFERROR(VLOOKUP($A$1&$A13&B$3,'Bảng giá chi tiết'!$C:$J,8,0),"") | C13: =IFERROR(VLOOKUP($A$1&$A13&C$3,'Bảng giá chi tiết'!$C:$J,8,0),"") | D13: =IFERROR(VLOOKUP($A$1&$A13&D$3,'Bảng giá chi tiết'!$C:$J,8,0),"") | E13: =IFERROR(VLOOKUP($A$1&$A13&E$3,'Bảng giá chi tiết'!$C:$J,8,0),"") | F13: =IFERROR(VLOOKUP($A$1&$A13&F$3,'Bảng giá chi tiết'!$C:$J,8,0),"") | G13: =IFERROR(VLOOKUP($A$1&$A13&G$3,'Bảng giá chi tiết'!$C:$J,8,0),"") | H13: =IFERROR(VLOOKUP($A$1&$A13&H$3,'Bảng giá chi tiết'!$C:$J,8,0),"") | I13: =IFERROR(VLOOKUP($A$1&$A13&I$3,'Bảng giá chi tiết'!$C:$J,8,0),"") | ... W13: =IFERROR(VLOOKUP($A$1&$A13&W$3,'Bảng giá chi tiết'!$C:$J,8,0),"") | X13: 07
A14: 08 | B14: =IFERROR(VLOOKUP($A$1&$A14&B$3,'Bảng giá chi tiết'!$C:$J,8,0),"") | C14: =IFERROR(VLOOKUP($A$1&$A14&C$3,'Bảng giá chi tiết'!$C:$J,8,0),"") | D14: =IFERROR(VLOOKUP($A$1&$A14&D$3,'Bảng giá chi tiết'!$C:$J,8,0),"") | E14: =IFERROR(VLOOKUP($A$1&$A14&E$3,'Bảng giá chi tiết'!$C:$J,8,0),"") | F14: =IFERROR(VLOOKUP($A$1&$A14&F$3,'Bảng giá chi tiết'!$C:$J,8,0),"") | G14: =IFERROR(VLOOKUP($A$1&$A14&G$3,'Bảng giá chi tiết'!$C:$J,8,0),"") | H14: =IFERROR(VLOOKUP($A$1&$A14&H$3,'Bảng giá chi tiết'!$C:$J,8,0),"") | I14: =IFERROR(VLOOKUP($A$1&$A14&I$3,'Bảng giá chi tiết'!$C:$J,8,0),"") | ... W14: =IFERROR(VLOOKUP($A$1&$A14&W$3,'Bảng giá chi tiết'!$C:$J,8,0),"") | X14: 08
A15: 09 | B15: =IFERROR(VLOOKUP($A$1&$A15&B$3,'Bảng giá chi tiết'!$C:$J,8,0),"") -> 3499? | C15: =IFERROR(VLOOKUP($A$1&$A15&C$3,'Bảng giá chi tiết'!$C:$J,8,0),"") | D15: =IFERROR(VLOOKUP($A$1&$A15&D$3,'Bảng giá chi tiết'!$C:$J,8,0),"") | E15: =IFERROR(VLOOKUP($A$1&$A15&E$3,'Bảng giá chi tiết'!$C:$J,8,0),"") -> 5357? | F15: =IFERROR(VLOOKUP($A$1&$A15&F$3,'Bảng giá chi tiết'!$C:$J,8,0),"") | G15: =IFERROR(VLOOKUP($A$1&$A15&G$3,'Bảng giá chi tiết'!$C:$J,8,0),"") -> 8078? | H15: =IFERROR(VLOOKUP($A$1&$A15&H$3,'Bảng giá chi tiết'!$C:$J,8,0),"") | I15: =IFERROR(VLOOKUP($A$1&$A15&I$3,'Bảng giá chi tiết'!$C:$J,8,0),"") -> 2241? | ... W15: =IFERROR(VLOOKUP($A$1&$A15&W$3,'Bảng giá chi tiết'!$C:$J,8,0),"") | X15: 09
A16: 10 | B16: =IFERROR(VLOOKUP($A$1&$A16&B$3,'Bảng giá chi tiết'!$C:$J,8,0),"") | C16: =IFERROR(VLOOKUP($A$1&$A16&C$3,'Bảng giá chi tiết'!$C:$J,8,0),"") | D16: =IFERROR(VLOOKUP($A$1&$A16&D$3,'Bảng giá chi tiết'!$C:$J,8,0),"") | E16: =IFERROR(VLOOKUP($A$1&$A16&E$3,'Bảng giá chi tiết'!$C:$J,8,0),"") | F16: =IFERROR(VLOOKUP($A$1&$A16&F$3,'Bảng giá chi tiết'!$C:$J,8,0),"") | G16: =IFERROR(VLOOKUP($A$1&$A16&G$3,'Bảng giá chi tiết'!$C:$J,8,0),"") -> 0? | H16: =IFERROR(VLOOKUP($A$1&$A16&H$3,'Bảng giá chi tiết'!$C:$J,8,0),"") | I16: =IFERROR(VLOOKUP($A$1&$A16&I$3,'Bảng giá chi tiết'!$C:$J,8,0),"") | ... W16: =IFERROR(VLOOKUP($A$1&$A16&W$3,'Bảng giá chi tiết'!$C:$J,8,0),"") | X16: 10
A17: 11 | B17: =IFERROR(VLOOKUP($A$1&$A17&B$3,'Bảng giá chi tiết'!$C:$J,8,0),"") -> 3569. | C17: =IFERROR(VLOOKUP($A$1&$A17&C$3,'Bảng giá chi tiết'!$C:$J,8,0),"") | D17: =IFERROR(VLOOKUP($A$1&$A17&D$3,'Bảng giá chi tiết'!$C:$J,8,0),"") | E17: =IFERROR(VLOOKUP($A$1&$A17&E$3,'Bảng giá chi tiết'!$C:$J,8,0),"") | F17: =IFERROR(VLOOKUP($A$1&$A17&F$3,'Bảng giá chi tiết'!$C:$J,8,0),"") | G17: =IFERROR(VLOOKUP($A$1&$A17&G$3,'Bảng giá chi tiết'!$C:$J,8,0),"") -> 8234. | H17: =IFERROR(VLOOKUP($A$1&$A17&H$3,'Bảng giá chi tiết'!$C:$J,8,0),"") -> 5861? | I17: =IFERROR(VLOOKUP($A$1&$A17&I$3,'Bảng giá chi tiết'!$C:$J,8,0),"") | ... W17: =IFERROR(VLOOKUP($A$1&$A17&W$3,'Bảng giá chi tiết'!$C:$J,8,0),"") -> 2456. | X17: 11
A18: 12 | B18: =IFERROR(VLOOKUP($A$1&$A18&B$3,'Bảng giá chi tiết'!$C:$J,8,0),"") | C18: =IFERROR(VLOOKUP($A$1&$A18&C$3,'Bảng giá chi tiết'!$C:$J,8,0),"") | D18: =IFERROR(VLOOKUP($A$1&$A18&D$3,'Bảng giá chi tiết'!$C:$J,8,0),"") | E18: =IFERROR(VLOOKUP($A$1&$A18&E$3,'Bảng giá chi tiết'!$C:$J,8,0),"") -> 5494? | F18: =IFERROR(VLOOKUP($A$1&$A18&F$3,'Bảng giá chi tiết'!$C:$J,8,0),"") | G18: =IFERROR(VLOOKUP($A$1&$A18&G$3,'Bảng giá chi tiết'!$C:$J,8,0),"") -> 8278? | H18: =IFERROR(VLOOKUP($A$1&$A18&H$3,'Bảng giá chi tiết'!$C:$J,8,0),"") | I18: =IFERROR(VLOOKUP($A$1&$A18&I$3,'Bảng giá chi tiết'!$C:$J,8,0),"") -> 2289? | ... W18: =IFERROR(VLOOKUP($A$1&$A18&W$3,'Bảng giá chi tiết'!$C:$J,8,0),"") | X18: 12
A19: 13 | B19: =IFERROR(VLOOKUP($A$1&$A19&B$3,'Bảng giá chi tiết'!$C:$J,8,0),"") -> 3909? | C19: =IFERROR(VLOOKUP($A$1&$A19&C$3,'Bảng giá chi tiết'!$C:$J,8,0),"") | D19: =IFERROR(VLOOKUP($A$1&$A19&D$3,'Bảng giá chi tiết'!$C:$J,8,0),"") | E19: =IFERROR(VLOOKUP($A$1&$A19&E$3,'Bảng giá chi tiết'!$C:$J,8,0),"") | F19: =IFERROR(VLOOKUP($A$1&$A19&F$3,'Bảng giá chi tiết'!$C:$J,8,0),"") | G19: =IFERROR(VLOOKUP($A$1&$A19&G$3,'Bảng giá chi tiết'!$C:$J,8,0),"") -> 9024? | H19: =IFERROR(VLOOKUP($A$1&$A19&H$3,'Bảng giá chi tiết'!$C:$J,8,0),"") | I19: =IFERROR(VLOOKUP($A$1&$A19&I$3,'Bảng giá chi tiết'!$C:$J,8,0),"") -> 2491? | ... W19: =IFERROR(VLOOKUP($A$1&$A19&W$3,'Bảng giá chi tiết'!$C:$J,8,0),"") -> 2690? | X19: 13
A20: 14 | B20: =IFERROR(VLOOKUP($A$1&$A20&B$3,'Bảng giá chi tiết'!$C:$J,8,0),"") -> 3532? | C20: =IFERROR(VLOOKUP($A$1&$A20&C$3,'Bảng giá chi tiết'!$C:$J,8,0),"") | D20: =IFERROR(VLOOKUP($A$1&$A20&D$3,'Bảng giá chi tiết'!$C:$J,8,0),"") | E20: =IFERROR(VLOOKUP($A$1&$A20&E$3,'Bảng giá chi tiết'!$C:$J,8,0),"") | F20: =IFERROR(VLOOKUP($A$1&$A20&F$3,'Bảng giá chi tiết'!$C:$J,8,0),"") | G20: =IFERROR(VLOOKUP($A$1&$A20&G$3,'Bảng giá chi tiết'!$C:$J,8,0),"") -> 8152? | H20: =IFERROR(VLOOKUP($A$1&$A20&H$3,'Bảng giá chi tiết'!$C:$J,8,0),"") | I20: =IFERROR(VLOOKUP($A$1&$A20&I$3,'Bảng giá chi tiết'!$C:$J,8,0),"") -> 2252? | ... W20: =IFERROR(VLOOKUP($A$1&$A20&W$3,'Bảng giá chi tiết'!$C:$J,8,0),"") -> 2431? | X20: 14
A21: 15 | B21: =IFERROR(VLOOKUP($A$1&$A21&B$3,'Bảng giá chi tiết'!$C:$J,8,0),"") | C21: =IFERROR(VLOOKUP($A$1&$A21&C$3,'Bảng giá chi tiết'!$C:$J,8,0),"") | D21: =IFERROR(VLOOKUP($A$1&$A21&D$3,'Bảng giá chi tiết'!$C:$J,8,0),"") | E21: =IFERROR(VLOOKUP($A$1&$A21&E$3,'Bảng giá chi tiết'!$C:$J,8,0),"") | F21: =IFERROR(VLOOKUP($A$1&$A21&F$3,'Bảng giá chi tiết'!$C:$J,8,0),"") | G21: =IFERROR(VLOOKUP($A$1&$A21&G$3,'Bảng giá chi tiết'!$C:$J,8,0),"") | H21: =IFERROR(VLOOKUP($A$1&$A21&H$3,'Bảng giá chi tiết'!$C:$J,8,0),"") | I21: =IFERROR(VLOOKUP($A$1&$A21&I$3,'Bảng giá chi tiết'!$C:$J,8,0),"") | ... W21: =IFERROR(VLOOKUP($A$1&$A21&W$3,'Bảng giá chi tiết'!$C:$J,8,0),"") | X21: 15
A22: 16 | B22: =IFERROR(VLOOKUP($A$1&$A22&B$3,'Bảng giá chi tiết'!$C:$J,8,0),"") | C22: =IFERROR(VLOOKUP($A$1&$A22&C$3,'Bảng giá chi tiết'!$C:$J,8,0),"") | D22: =IFERROR(VLOOKUP($A$1&$A22&D$3,'Bảng giá chi tiết'!$C:$J,8,0),"") | E22: =IFERROR(VLOOKUP($A$1&$A22&E$3,'Bảng giá chi tiết'!$C:$J,8,0),"") | F22: =IFERROR(VLOOKUP($A$1&$A22&F$3,'Bảng giá chi tiết'!$C:$J,8,0),"") | G22: =IFERROR(VLOOKUP($A$1&$A22&G$3,'Bảng giá chi tiết'!$C:$J,8,0),"") | H22: =IFERROR(VLOOKUP($A$1&$A22&H$3,'Bảng giá chi tiết'!$C:$J,8,0),"") -> 6053? | I22: =IFERROR(VLOOKUP($A$1&$A22&I$3,'Bảng giá chi tiết'!$C:$J,8,0),"") -> 2341? | ... W22: =IFERROR(VLOOKUP($A$1&$A22&W$3,'Bảng giá chi tiết'!$C:$J,8,0),"") -> 2524? | X22: 16
A23: 17 | B23: =IFERROR(VLOOKUP($A$1&$A23&B$3,'Bảng giá chi tiết'!$C:$J,8,0),"") -> 0? | C23: =IFERROR(VLOOKUP($A$1&$A23&C$3,'Bảng giá chi tiết'!$C:$J,8,0),"") | D23: =IFERROR(VLOOKUP($A$1&$A23&D$3,'Bảng giá chi tiết'!$C:$J,8,0),"") | E23: =IFERROR(VLOOKUP($A$1&$A23&E$3,'Bảng giá chi tiết'!$C:$J,8,0),"") | F23: =IFERROR(VLOOKUP($A$1&$A23&F$3,'Bảng giá chi tiết'!$C:$J,8,0),"") | G23: =IFERROR(VLOOKUP($A$1&$A23&G$3,'Bảng giá chi tiết'!$C:$J,8,0),"") -> 0? | H23: =IFERROR(VLOOKUP($A$1&$A23&H$3,'Bảng giá chi tiết'!$C:$J,8,0),"") -> 0? | I23: =IFERROR(VLOOKUP($A$1&$A23&I$3,'Bảng giá chi tiết'!$C:$J,8,0),"") | ... W23: =IFERROR(VLOOKUP($A$1&$A23&W$3,'Bảng giá chi tiết'!$C:$J,8,0),"") -> 0? | X23: 17
A24: 18 | B24: =IFERROR(VLOOKUP($A$1&$A24&B$3,'Bảng giá chi tiết'!$C:$J,8,0),"") | C24: =IFERROR(VLOOKUP($A$1&$A24&C$3,'Bảng giá chi tiết'!$C:$J,8,0),"") | D24: =IFERROR(VLOOKUP($A$1&$A24&D$3,'Bảng giá chi tiết'!$C:$J,8,0),"") | E24: =IFERROR(VLOOKUP($A$1&$A24&E$3,'Bảng giá chi tiết'!$C:$J,8,0),"") | F24: =IFERROR(VLOOKUP($A$1&$A24&F$3,'Bảng giá chi tiết'!$C:$J,8,0),"") | G24: =IFERROR(VLOOKUP($A$1&$A24&G$3,'Bảng giá chi tiết'!$C:$J,8,0),"") | H24: =IFERROR(VLOOKUP($A$1&$A24&H$3,'Bảng giá chi tiết'!$C:$J,8,0),"") | I24: =IFERROR(VLOOKUP($A$1&$A24&I$3,'Bảng giá chi tiết'!$C:$J,8,0),"") | ... W24: =IFERROR(VLOOKUP($A$1&$A24&W$3,'Bảng giá chi tiết'!$C:$J,8,0),"") | X24: 18
A25: 19 | B25: =IFERROR(VLOOKUP($A$1&$A25&B$3,'Bảng giá chi tiết'!$C:$J,8,0),"") | C25: =IFERROR(VLOOKUP($A$1&$A25&C$3,'Bảng giá chi tiết'!$C:$J,8,0),"") | D25: =IFERROR(VLOOKUP($A$1&$A25&D$3,'Bảng giá chi tiết'!$C:$J,8,0),"") -> 3858? | E25: =IFERROR(VLOOKUP($A$1&$A25&E$3,'Bảng giá chi tiết'!$C:$J,8,0),"") | F25: =IFERROR(VLOOKUP($A$1&$A25&F$3,'Bảng giá chi tiết'!$C:$J,8,0),"") | G25: =IFERROR(VLOOKUP($A$1&$A25&G$3,'Bảng giá chi tiết'!$C:$J,8,0),"") | H25: =IFERROR(VLOOKUP($A$1&$A25&H$3,'Bảng giá chi tiết'!$C:$J,8,0),"") | I25: =IFERROR(VLOOKUP($A$1&$A25&I$3,'Bảng giá chi tiết'!$C:$J,8,0),"") | ... W25: =IFERROR(VLOOKUP($A$1&$A25&W$3,'Bảng giá chi tiết'!$C:$J,8,0),"") | X25: 19
